0,5.40E+17,2014-12-03 07:01:05+00:00,conniempp wwi began in sarajevo wwiii to begin when angry bosnian immigrants assassinate black racist wh trojan horse justiceforzemir
0,1.32E+18,2020-10-24 17:05:38+00:00,nsheth4 janet63388900 alivelshi pretty sure you can do that in canada too as shown by the example of his father in the 1980s not sure how many poc who were immigrants were getting elected to office in the us in that time period
0,6.42E+17,2015-09-11 16:33:44+00:00,immigration is stressful for all immigrants go places for a better life still happens here now europe is being humane help and prayer
0,1.08E+18,2019-01-07 15:39:48+00:00,motorcitihawk relbtx ingrahamangle wolfblitzer thedemocrats absurd is the fool who fell for mexico will pay for it now its our tax dollars being used you really think a wall will deter crime and drugs tell me of the 300 mass shootings last year how many were by illegal immigrants
1,4.36E+17,2014-02-20 02:41:36+00:00,christiisilvaxx you can get somethin better with coke money if cuban immigrants can do it i think i can
0,1.25E+18,2020-04-22 02:42:28+00:00,trump continues to use the covid19 pandemic to push his xenophobic policies against his favorite target immigrants its the biggest slap in face that the government left us out said a us citizen married to a man from mexico its already such a stressful time 
0,6.75E+17,2015-12-09 23:47:38+00:00,gottalaff last month it was the mexican immigrants trump was going after this month the muslim community his views are so dangerous
0,1.19E+18,2019-10-28 01:52:55+00:00,trump and the chef have feuded for years following andréss decision to cancel his planned restaurant in the presidents dc hotel over trumps rhetoric about mexican immigrants when announcing his white house bid in 2015
1,8.26E+17,2017-01-29 14:00:43+00:00,jesus is coming back yes hes being detained at jfk airport with some other middle eastern immigrants with no passport
0,1.50E+18,2022-03-08 12:25:27+00:00,malkiel was a vocal proponent of womens equality and the right to vote in her pamphlets columns and speeches she argued that true equality for women african americans immigrants and child laborers would only come through socialism
0,8.19E+17,2017-01-11 20:23:32+00:00,aaldef maryswilling womensmarch lorisums chinese immigrants were denied entry amp citizenship nothing abt native born more plz
0,1.47E+18,2021-12-06 04:50:49+00:00,bravo to pope francis and his outspokenness on european efforts to take in refugees and immigrants the same should be applied to those american politicians who continually wipe their hands of any responsibility
1,1.16E+18,2019-08-12 22:44:09+00:00,get ready for marshallaw after the elections russians will be out on the streets because our army wont be trump is gona welcome the invaders like in panama when we went there after noriega in this case noriega is invading us 
0,1.23E+18,2020-02-18 22:29:37+00:00,again you see thousands of stories like this and yet there are people who will make memes or imply that irish or italian immigrants suffered worse than black people 
0,1.02E+18,2018-07-06 04:47:57+00:00,fake woke people make the jobs of real activists like me 1000 times harder mexican immigrants arent our problem well if we let the treatment of hispanics slide who you think they coming for next so woke you sleep stay hiding behind the screen as a twitter activist
0,1.01E+18,2018-06-23 16:35:17+00:00,sanitycheck99 igiorlando altuscis presssec potus deport them where theres no documentation they dont speak much english and they may not even tell the truth if they can communicate clearly until you know when someone belongs how can you send them there
0,1.14E+18,2019-06-18 23:55:12+00:00,want to know your immigration rights or help someone watch these videos from the aclu in spanish urdu arabic haitian creole russian mandarin aclusocal 
1,8.25E+17,2017-01-28 05:52:59+00:00,unesco vietnammonarchvictorialuudinh republicvietnamvn chinese invaders destroyed environment amp killed thousands vietnamese in north vn
0,1.13E+18,2019-05-05 13:22:56+00:00,emails like this make my day ive read a few immigrants deportation stories recently particularly one about cambodian refugees yours is well researched and showed the impacts of such on all those involved
0,1.06E+18,2018-11-17 09:53:27+00:00,"democrats who are we hispanic
black
white
native american
indian
muslim
christian
jewish
buddhist
atheist
disabled
men
women
lgbtqa
immigrants
all ages
health
wealth certain i missed noting quite many and do apologize nobody is better than anybody dnc"
0,1.55E+18,2022-07-28 15:07:35+00:00,"a lot of people outside of nigeria arent familiar with agbor in ika land oe who is this weeks guest helps in fixing that for us check out the conversation podcast dopeblackpods podnation storytelling
learning immigrants support "
0,1.23E+18,2020-02-12 01:02:42+00:00,today would be my grandfathers 116th birthday he was christened mato vlaison of croatian immigrants my great grandparents karlo and ana died young after working for others in local govt and a savings and loan in a steel mill town he loved us and would be worried today
1,1.07E+18,2018-11-27 15:26:41+00:00,the media has been brainwashing americans they keep referring to these criminals as immigrants they have been given many opportunities to do this legally yet they decide to invade mexico to get to our border and invade us
1,1.13E+18,2019-05-31 00:47:07+00:00,realdonaldtrump j5 tarrif on everything from mexico until the immigrants stop coming 
0,8.22E+17,2017-01-19 19:27:26+00:00,uscybrcom vietnammonarchvictorialuudinh vnch rvn chinese invaders violated the udhr of dec10 1948 article 172 property 
0,1.04E+18,2018-09-04 21:11:58+00:00,maybe some have lived in cuba or venezuela or some other failed latam socialist country they are fleeing these places cant we trade dems for immigrants who want in the country net positive and both sides get what they want 
1,1.09E+18,2019-01-20 22:27:19+00:00,sendavidperdue potus illegal immigration for democrats are there votes its there meal ticket even majority of legal spanish immigrants what the wall because there future is in jeaooardy as well as ours 
1,1.34E+18,2020-12-31 13:44:33+00:00,reuters iamsadeqahmed send him back to turkey
0,1.50E+18,2022-02-22 16:30:50+00:00,the son of ukrainian immigrants lol 
0,1.17E+18,2019-09-20 03:52:15+00:00,i parenthesized the word women because truly you could insert any oppressed population in there immigrants refugees african americans native americans etc etc the list thus continues quote from susan b anthony c 1873 
0,8.26E+17,2017-01-29 19:01:24+00:00,if there was a 90 day ban on syrian immigrants when steve jobs biological father was rolling through wed all be tweeting from a landline
1,9.54E+17,2018-01-19 22:21:08+00:00,kieltycandace nancypelosi as a descendent of irish 6th generation illegal immigrants yall can kiss my ass ya phony ignorantfs
0,1.02E+18,2018-07-15 21:13:38+00:00,jrepodcast rubinreport id like to suggest an interview with jason hill a black gay man who grew up in jamaica surrounded by socialists read ayn rand and chose to come to america to study phd philisophy and teach de paul univ 
0,7.11E+17,2016-03-19 01:12:36+00:00,latimes just a few us bases in europe used to help eu process suffering immigrants food beds hospitals please
1,1.16E+18,2019-07-30 13:32:37+00:00,realdonaldtrump andypuzder mariabartiromo china is doing great because they are the real ones taking our jobs not immigrants
0,1.20E+18,2019-12-09 13:49:38+00:00,they said he was racist then they said he was misogynist and racist then he hates immigrants then people with disabilities then gold star families then he was hitler then he was colluding with russia now he needs ukraine to help with biden i skipped a lot too scary folks
0,1.16E+18,2019-07-27 12:15:28+00:00,"that outraged the european immigrantsirish italian czech and polishwhod traditionally held those jobs
red summer in chicago 100 years after the race riots "
1,1.10E+18,2019-03-08 11:24:40+00:00,1929 zyklonb is not profitable in germany but the us government buys it to fumigate freight trains amp the clothing of mexican immigrants nazis take notice
0,1.18E+18,2019-10-05 14:59:24+00:00,faroeleanor serenegrace5 revelanna realdonaldtrump of course it matters how they got here if trump says we dont have room for asylum seekers and majority of our illegal immigrants are overstays how can we suddenly afford to accept visas from poland
1,1.15E+18,2019-07-17 20:12:43+00:00,gop axios realdonaldtrump thats because theyre stupid there are more illegal immigrants in his country than with obama trump lies to these people and they believe it ey they were stupid enough to believe mexico was going to pay for the nonexistent wall on and there was no raid on sunday
1,1.09E+18,2019-02-09 04:29:03+00:00,seanhannity she is a liar send her back to iran
0,1.14E+18,2019-06-02 14:28:02+00:00,wittlenobody one person isnt indicative of europe your friends american then his eu wife had a reason to leave that was nothing to do with immigrants to eu also it offends me how ppl never see a real human side of migration just nonsense stories about taking over a tiny town in sweden
0,1.46E+18,2021-11-24 16:01:28+00:00,migrants heading for uk die after boat sinks rescue operation is under way near the port of calais after a fisherman sounded the alarm a spokesman for the french coastguard on worries for illegal immigrants 
0,1.33E+18,2020-11-07 17:03:48+00:00,tears of joy a black woman a woman of indian descent a daughter of immigrants a woman is our vice president 
0,1.01E+18,2018-06-24 16:32:43+00:00,lynnv378 govmikehuckabee you cant be serious with that statement its a gang that formed from salvadoran immigrants you invalidated claim with that pitiful inference
1,1.01E+18,2018-06-26 21:38:57+00:00,abc history is going to say we finally have a president in protecting his people yes all of us cane from immigrants but the majority of those immigrants waited to enter the country legally amp most of them came from europe not south of us
1,1.13E+18,2019-05-05 16:27:37+00:00,narendramodi india is not helpless and poor it has been looted again and again by muslim invaders british and its own leaders who were more worried about giving money to new pakistan and less to starvation in west bengal
0,1.37E+18,2021-03-22 19:50:59+00:00,"we are just asking for fairness legal immigration is broken delay in passing fairness bill delay in protecting american workers
repzoelofgren you are letting indian immigrants down again
lofgrenswiftlymeansnever voteyesforfairnessbill
"
0,8.78E+17,2017-06-23 18:19:49+00:00,"venezuela sos 2017
venezuela isnt about politics is a about the cuban invaders amp the international drug cartels"
0,1.06E+18,2018-10-24 09:15:40+00:00,geraldo rivera said central american immigrants are traveling to the us because they are desperate to improve their lot in life 
0,1.42E+18,2021-08-09 20:36:01+00:00,china deserves our help they worked there asses off in both ww and nearly starved and die for us they are loyal but they are hungry for there hard work be of value mfachina tell yo zero loves you and see value as 4 immigrants seeking asylum or citizenship abolish
0,1.11E+18,2019-04-06 19:40:50+00:00,weinsteinlaw and this from a deranged man who lied last week that his father was an immigrant born in germany so is it just hispanic and muslim immigrants that are objectionable to trump what a racist
1,1.16E+18,2019-08-06 18:01:38+00:00,geraldorivera get real geraldo 1000s of migrants coming from central america invading our country amp breaking our laws is not an organic movement rather its highly organized amp funded organizers are preying on emotions of desperation and youre not lawabiding if u enter us illegally
1,1.42E+18,2021-07-16 12:29:21+00:00,biden amp his admin is the worst president amp admin ever in the usa they do not represent the mass majority of the usa citizens or illegal immigrants they are working hard to destroy this country to give themselves power over our lives building another nazi germany russia cuba
0,5.58E+17,2015-01-20 22:14:47+00:00,in light of the attack people have brought up hatred of immigrants in france as cause others say thats still no justification
0,1.00E+18,2018-06-03 13:11:06+00:00,france24en bronxilla italian children are no less important than immigrants and their childrenthe crime rate in europe is skyrocketing
0,1.59E+18,2022-11-18 06:07:00+00:00,fleetwoodman1 thegurumerc ive heard a hundred thousand words about chaos and immigrants through the border this is the arizona mexico border ive been in this area millions of times and ive yet seen or come across the immigrants crossing the border where are they 
0,8.02E+17,2016-11-24 16:05:23+00:00,hungarian pm viktor orban declares to illegal muslim invaders get out of hungary and dont come 
0,7.14E+17,2016-03-26 13:11:14+00:00,foxandfriends the european immigrants r exactly the same as our illegal immigrants free everything shame on us our citizens r worse off
0,1.07E+18,2018-11-27 15:18:55+00:00,charliekirk11 people seeking asylum from terrible conditions in their country kirk remember the st louis a ship of jewish immigrants turned away so they returned to nazis germany and their deaths
0,1.05E+18,2018-10-11 00:24:57+00:00,jackrus44698878 chrisbflix seanmcdcrimzoo earlier today i watched and wrote a review of invaders of the lost gold starring indonesian beauty laura gemser
0,6.79E+17,2015-12-22 20:26:51+00:00,the share of immigrants in the population is higher in france than in the us 
0,4.86E+17,2014-07-07 18:55:48+00:00,im 40 canadian 20 german 10 irish 6 romanian 43 californianwhite people immigrants suck also white people
0,6.01E+17,2015-05-21 20:34:04+00:00,let as learn from the past and once again strive to remove traitors oppressors and invaders that are in our blessed country now somalia
0,1.50E+18,2022-02-24 13:21:01+00:00,ukraine we dont have some of those scud missiles that we used when iraq attacked kuwait under bush we must help ukraine from this bully putin my prayers go with ukraine as the civilians try to escape we must help turkey handling the influx of immigrants
0,7.72E+17,2016-09-02 00:54:59+00:00,if immigrants hate there country so much if you hate your leader if you hate mexico why come to america why hate donald trump
0,1.19E+18,2019-10-22 11:06:27+00:00,dvatw these immigrants are hurting local people and the government is supporting the immigrants shame on the german government
0,8.24E+17,2017-01-23 15:55:44+00:00,potus vietnammonarchvictorialuudinh rvn communist srv drvn chxhcnvn support chinese invaders destroyed environment amp tortured vietnamese
0,1.03E+18,2018-08-07 23:17:23+00:00,lokiloptr my husband works with a lot of ukrainian immigrants and no they are not all legal but they are white and therefore blend in easier sad
0,1.52E+18,2022-05-02 00:53:39+00:00,reutersworld omgltgtomniabsoluteuniversesgravity the ukrainians were treating the russias immigrants like israel treats the palestinians in their territory that what the impasse is about and it has been happening since 1922 when is usa going to assist brittney griner in russias jail 
0,1.24E+18,2020-03-31 02:02:24+00:00,thomaskaine5 china amp s korea have been successful why arent we following in their footsteps instead of trying to reinvent the fucking wheelimo rs want to get rid of immigrants poc and poor people resulting in a small govt theyll do anything to get it
1,1.54E+18,2022-06-28 21:03:30+00:00,joebiden and democrats are about to hop alllll over this mexican border illegal immigrants being found dead in a trailer if the republicans didnt want the border shut amp they werent racist amp wanted more hispanics in the us this wouldnt have happened all trumps fault
0,4.42E+17,2014-03-08 11:22:28+00:00,"the crimera is a natural pen for military capture of russian invaders let em flow in and close the door
turn out lights
lotovodka"
0,1.08E+18,2019-01-12 15:18:13+00:00,breakingbrown a lot of black people in the country are immigrantsthat was angelaryes pointlots of black people from haiti africa s america and so on are here too and contributewhite folks that see black people as nias dont discriminate what kinda niastop
0,6.72E+17,2015-12-02 21:54:10+00:00,people ask why is greektown only filled with restaurants because most immigrants that came from greece were agricultural caitlin buros
1,1.09E+18,2019-01-30 20:48:43+00:00,how much you want to bet melania is a russian mole planted by the soviets put them both on air force 1 and send them back to mother russia realdonaldtrump 
0,8.00E+17,2016-11-18 21:16:01+00:00,thetimes merkel throws immigrants under bus to protect german economic hegemony
0,8.34E+17,2017-02-20 15:19:35+00:00,as its population of english learners soars albany prepares to launch newcomer academy for immigrants and refugees 
0,1.10E+18,2019-02-25 02:01:23+00:00,stalejokez my parents have had very similar experiences so im not dismissing those struggles my point is theres a reason immigrants from africa and west indies are much more likely to be college educated than african americans
0,1.07E+18,2018-12-13 22:22:38+00:00,theatlantic why does the son of immigrants want to uproot vietnam refuges oh wait they are not white
0,1.36E+18,2021-02-18 06:16:05+00:00,the irony this republican wants a wall on the border and is against mexican immigrants but he really like to vacation in our beaches an be served by hardworking mexicans with a pandemic still going on all while his state is freezing and people is suffering 
1,1.20E+18,2019-11-22 02:44:51+00:00,jno24 raicestexas bailfundnetwork agreed separation is horrible send them back to mexico with their deported parents the fact that an illegal ailiens child becomes a citizen is stupid that needs to change
0,6.67E+17,2015-11-19 21:53:59+00:00,more mexican immigrants leaving us than entering pew 
0,5.81E+17,2015-03-26 11:38:31+00:00,mikekellypa imagine a usa without immigrants without equality4all is other cuba keepimmigrantsdeporttedcruz 
0,1.03E+18,2018-08-22 17:41:02+00:00,realdonaldtrump obama the man who had hit squads all over the world killing wholw families check ot out especially in afghanistan he also deport more illeal immigrants than any other president in the history of america
0,7.27E+17,2016-05-02 03:34:49+00:00,lexingtonbobby crisshoog danscavino donaldjtrumpjr these would be considered illegal immigrants and canada probably wont let them in
1,1.11E+18,2019-03-12 15:12:36+00:00,this is terrible mexican and all southern invaders do the same thing only they just wire the money to bank accounts 
0,1.10E+18,2019-02-18 03:29:16+00:00,6 illegal immigrants linked to mexican cartel arrested in nc for drug trafficking operation officials say 
0,1.08E+18,2018-12-28 12:00:48+00:00,blueyes0209 marklutchman so when ur family came from europe or where ever ur from we shouldve not allowed them in but now that ir family is settled in the us u hiys want a wall when ur family were immigrants at some point i would really love to jesr ur responsr bc u guys seem to forget that this
0,1.03E+18,2018-08-24 17:39:36+00:00,realdonaldtrump funny how everyone is so worried about russia interfering in the 20182020 election and yet the democrats are allowing illegal immigrants to vote congrats to ohios troy balderson holding on to the seat for the republican party vote republican in november and keep illegals out
0,1.01E+18,2018-06-27 00:55:35+00:00,"can americans sustain its own commerce can passion to work at odds jobs help previously by immigrants
100 bathrooms to clean
10 larger gardens just a starters
my reply
dont know how to clean a bowl
98
2 can sheet on it
pardon my english
ft queeneliofallah "
1,1.50E+18,2022-03-18 23:46:13+00:00,nypost cant we just send him back to the ukraine possibly with a big bullseye on his shirt 
0,1.42E+18,2021-07-24 17:01:51+00:00,faberganza saracarterdc harris told immigrants from guatemala dont come they told the cubans the same thing sound like their policy is consistent
0,9.76E+17,2018-03-21 13:48:14+00:00,theyre always nut job white guys im sure theyre immigrants from norway lol 
0,5.07E+17,2014-09-01 21:32:15+00:00,raft full of cuban immigrants washes ashore on south padre island tonyhtonyh rgv immigration365 aclutx miaclu
0,1.12E+18,2019-04-08 12:55:26+00:00,immigrants know more about our gov than our own gov in the past the germans italians irish jewish people all retained their identity what is different now all should should should be proud of their heritage cspanwj
0,3.34E+17,2013-05-13 06:10:13+00:00,i was salsa dancing with portuguese immigrants for the last 2 12 hoursi want to thank victor cruz for preparing me for this night
0,8.43E+17,2017-03-17 12:45:55+00:00,trump is nodding lets be honest he would gladly take irish immigrants they arent brown people he doesnt like the brown sad 
0,1.58E+18,2022-10-04 15:25:08+00:00,marianamundi bfmtv elle est tellement pire que plus dun millions dimmigrants font la demande dune carte verte des étatsunis et du pr au canada cest comme les russes qui acclament poutine mais vivent dans loccident avec toutes les libertés et du travail bien rémunéré
0,1.39E+18,2021-05-13 16:11:55+00:00,"to celebrate asian american pacific islander heritage month this weeks focus is on the histories of asian immigrants and the people of the pacific islands who have contributed to the fabric of our nation
"
0,6.95E+17,2016-02-02 17:34:32+00:00,jongarysteele so who emerges from the gop cesspool a canadian born hater of immigrants a fascist blowhard amp a lightweight newbie wow
0,1.07E+18,2018-12-01 18:23:22+00:00,bristolbj diamondandsilk foxandfriends in what planet do you live who do you think does the menial labor most americans refuse to do we have always accepted immigrants and they have always made our country stronger as a partial american indian owning land on a reservation get your immigrant butt out first
0,1.21E+18,2019-12-26 18:03:53+00:00,noeleneathome elisestefanik realdonaldtrump speakerpelosi i thought about your reply and i found it interesting that someone from ireland would talk about immigrants many irish immigrants came to america most legally but some illegally do we turn our backs on everyone who needs help real americans lead by example and show the 
0,1.34E+18,2020-12-19 23:51:20+00:00,lilradishn from your tweet its about america being stupid amp some parts are but not all you might want visit the substandard education immigrants receive in france creating an under society wherein young people are being forced into petty crime to make a living to be radicalized in jail
1,1.36E+18,2021-02-13 22:11:11+00:00,welcome white people we told you when he said the first black president wasnt born here and that mexican immigrants generally were all criminals and rapists back in 2011 amp 2015 
0,9.52E+17,2018-01-11 23:41:32+00:00,pagechris75 but as you are homeless the immigrants are guaranteed money housing food and medical these are all the things that you are guaranteed at as a citizen of france this is disgraceful what our governments are doing to us
0,1.01E+18,2018-07-04 19:27:53+00:00,celebrating america its freedom democracy and independence this 4thofjuly at the korean friendship bell in sanpedro we are a nation of immigrants and also celebrated the uskorean relationship may we strive for peace and reunification ca44 
1,1.59E+18,2022-11-07 23:05:43+00:00,jrobertjohnson4 jojofromjerz elonmusk gop send him back to south africa yall he is used to the apartheid regime mentality
0,1.01E+18,2018-06-18 19:26:53+00:00,unless youre native indian were all immigrants my 3× great grandfather was a slave his children were born into slavery their children were share croppers still a slave they were raped by people with the kidnap the children mentality that we see today soif u with it
0,1.27E+18,2020-06-05 01:26:09+00:00,solidarity with our african immigrants from angola 
1,1.15E+18,2019-07-20 11:17:13+00:00,andrewcmccarthy nro she married her brother to commit immigration fraud tax fraud student loan fraud she should be arrested and on trial for at least that i want to throw her out of congress off my tv send her back to somalia it would be so easy realdonaldtrump
0,7.38E+17,2016-06-01 16:18:53+00:00,dromm calls on us to grant temporary protected status 2 ecuadorian immigrants in light of earthquake in ecuador 
0,1.23E+18,2020-02-24 17:42:39+00:00,lastweektonight fascism is in fashion stop it turning our back on the worlds refugees amp immigrants some our neighbors amp friends on this wholly stolen north american landmass makes us no better than nazis borders the constructs of evil men by lrbitisnot 
0,1.28E+18,2020-06-24 19:03:23+00:00,invaders invade with single purpose lootou tay phutoo these fucktards had no biz in india in first place just saying even sufis did no favor they just diluted the religion around confusing cocktail that worked for no one in real life 
1,8.42E+17,2017-03-16 00:27:17+00:00,fed judge in hawaii blocked potus exorder to ban immigrants so boycotthawaii until insanity from left is locked up
0,1.18E+18,2019-10-04 06:28:40+00:00,finolak for most of us history blacks amp irish immigrants were pitted against each other for the dregs of resources it was only when they saw their shared disenfranchisement that they became allies the help will always have the back of the help over the ways of the masters
0,9.96E+17,2018-05-15 13:49:40+00:00,mundoedgar clevertitletk most of us are although there are those that feel they arent because their great grandparents were the immigrants and you can seem them to tell a dark skinned native american to go back where they care from or bitch to a woman speaking navajo that they need 2 speak our language
0,1.56E+18,2022-08-21 15:01:16+00:00,tin man joe amp thedemocrats are clueless about what usa citizens want every latino asian european african immigrants to america needed voter id to vote in their old country amp expect this in their new country voter id makes immigrants feel safe lawlessness does not gop 
1,1.52E+18,2022-05-06 21:13:33+00:00,wordnerdgh donwinslow you were trump did not cause any of the problems we face as a nation not inflation supply issues mass illegal immigrants and more all brought to you by your beloved democrats biden knew how to destabilize russia because he already did it to us
0,1.20E+18,2019-11-19 23:05:25+00:00,dsmdshop marieshawanda thebigtizzle theblackchannel no no no im american just some one from germany is german i may have some ancestry tied to africa but my lineage is this country that my forefathers built we are not immigrants africans dont even call themselves black or african american they call themselves nigerian
0,8.23E+17,2017-01-22 23:11:25+00:00,"trumpselffunds youtube my life is patriotic come from generations of veterans
a mixture of european immigrants canadian english and native american"
0,7.32E+17,2016-05-16 19:11:51+00:00,sex manual for muslim migrants to germany sets off backlash 
0,1.06E+18,2018-11-02 05:36:37+00:00,zipmeupjefe xyllek maxwastaken kanyewest mexico has offered them asylum they have refused the offer so are they really asylum seekers or are they just migrants emigrants with goals to become immigrants in the us
1,1.09E+18,2019-01-17 05:00:14+00:00,illegal immigrants end game is us jobs welfare hospitals amp medicaid they usurping our country but dont assimilate la looks like mexico why go to another country just to make it as bad as the one you came from time for south america to take care of its own people
0,8.96E+17,2017-08-11 14:27:38+00:00,luis garcia of pacific clinics of ca talks about lack of access to mental health care for immigrants new arrivals reachhealthcare hdfkc 
1,9.61E+17,2018-02-07 15:56:04+00:00,deport them let them go back to their country since they value this abuse so much female genital mutilation its happening here girls are being taken out of ireland 
0,7.58E+17,2016-07-27 14:28:16+00:00,the white house along with many other monuments in dc were built by not only slaves but immigrants from ireland scotland and other nations
0,9.05E+17,2017-09-06 04:55:17+00:00,30 000 arrived between 1849 amp 1856 it was the largest group of immigrants discover more on sunday at the french residence free event 
0,1.10E+18,2019-02-13 18:35:34+00:00,founding fathers fought for our land for their own future generations to have amp be free we need our land for our future generations immigrants shd be allowed in on merit and limited number from each country whens the last time you heard a scottish or french accent 
0,6.01E+17,2015-05-20 13:10:23+00:00,ahilliardm all those eastern european immigrants like my grandparents what say you chicken cheesesteaks
0,7.71E+17,2016-08-31 20:41:15+00:00,not sure if anyone noticed that now realdonaldtrump blames the immigrants from south and central america going into mexico
0,6.73E+17,2015-12-06 00:26:08+00:00,"poland no invaders
new polish government refuses to accept any nonwhite invaders redstate nra patriots ccot"
0,1.20E+18,2019-11-25 02:09:34+00:00,us immigrants are so creative and we transcend borders and distances pictured my homegirl luciaallain1 facetiming her mom in new york from la to show her a musical group from their native peru in nyc crying 
1,8.19E+17,2017-01-12 01:21:02+00:00,minivansareevil lucidelsignore kellyannepolls ac360 cnn no you didnt we were talking about illegals from mexico
0,9.52E+17,2018-01-12 22:30:44+00:00,scaruso5555 tpcarney when you couple what he said about more immigrants from norway its pretty clear that hes talking about people of color you may recall his comments about an indiana judge whose ancesters were mexican and therefore incapable of rendering a fair verdict hes a racist
0,1.12E+18,2019-04-13 13:09:35+00:00,realdonaldtrump understand they want immigrants carefully placed in ghettos as african americans move out as usual they lie
1,1.01E+18,2018-06-24 00:58:54+00:00,lets charge the mexican government for every single illegal immigrant how can the tax payers be expected to pay for these people you need better ssi medicaid why do our senior citizens suffer while immigrants get to live for free
0,9.07E+17,2017-09-10 19:22:20+00:00,this is what you call dedication china wok open chevron apopka open my asian and indian brothers n sisters immigrants hurricaneirma
0,9.91E+17,2018-04-29 17:24:57+00:00,mnarvestad goss30goss and they hate the immigrants that are americas future and talk about thejobs they take that they refuse to do or are simply not qualified for this while europe and canada embraces them as their nations get stronger 
0,7.99E+17,2016-11-17 08:44:59+00:00,nonyabisnez lewisandsnark no one says that but the guy who won move 8 spent nov7 attacking somali immigrants 5th bullying a womanown it
0,5.09E+17,2014-09-08 18:31:45+00:00,prayers for family of murdered swissgerman immigrants to south africa ernst amp lilo boller 
0,1.12E+18,2019-05-02 14:46:31+00:00,what prison has she been sent to serve her 18 months rumor has it under direct orders from trumpputin that barr was going to suspend her sentence and send her back to russia putin at his request 
1,9.98E+17,2018-05-18 21:58:29+00:00,our nation is dysfunctional yet we never deal with racism bigotry hatred against transgenders gays immigrants we believe in bibles and bullets and thats exactly what the middle east has done for 5000 years of bloodletting at some point well have learn xo
0,1.31E+18,2020-10-10 12:56:12+00:00,some indian immigrants even professed more faith trump to get selective immigration passed than in kamala 
0,1.28E+18,2020-07-13 03:48:10+00:00,this shit is straight out of nazi germany antebellum south colonial america first they come for undocumented immigrants who is next 
1,1.02E+18,2018-07-06 22:05:52+00:00,drjaneruby immigrantlegal ee sure need more immigrants like her in this country is she a citizen yet if not she should be deported back to congo she should be made to pay the cost of removing her fromstatue
0,1.06E+18,2018-11-03 12:04:18+00:00,sweden has faced an upsurge in rape cases over the past few years with many of them linked to immigrants the negative trend has forced the government to adopt a strict law requiring explicit consent from both partners for sexual intercourse not to be considered rape
0,9.53E+17,2018-01-14 23:17:16+00:00,i love this inslaved racist land of invaders just not the bad ones from other lands unwanted by them france wants you not us 
0,1.59E+18,2022-11-12 16:48:08+00:00,johnhmcwhorter liked your music man commentary today i wonder if youve considered the musicals treatment of first generation irish immigrants the prejudice they experienced in this country is a poignant aspect of the plot as is prejudice against poor white trash tommy character
1,7.56E+17,2016-07-22 03:05:16+00:00,schneidmaster and now is going on about how mexican immigrants murder people
0,1.00E+18,2018-05-28 02:10:02+00:00,1mrjones76 shoebrian80 petermiller the number of immigrants from mexico and central america is too few heres a thought increase work permits after 5 of them no crime etc they can apply
0,6.48E+17,2015-09-26 14:43:47+00:00,elonmusk marsbeyond deadmau5 immigrants can make germany strong to 
0,1.06E+18,2018-11-04 01:26:02+00:00,tg77lead dantotoro87 ocasio2018 s are relative proportion of their disposal income to foster advancededucationopportunities as of total income quite smallbased on conversations with later immigrantssouth vietnamese same hardships challenges awaited themcost of consumer goods as of income down now
1,1.45E+18,2021-10-24 13:56:42+00:00,wescrowley senschumer immigrants are bought voters most cant speak our language but they vote democrat paid for with our tax dollars
1,1.27E+18,2020-05-26 20:07:39+00:00,itsjefftiedrich mr bone saw believes windmills cause cancer amp wants to rehire a guy he fired for lying to the fbi oh amp that guy amp his fucking moron of a son tried to kidnap a cleric amp send him back to turkey to be tortured seriously all of that happened
1,1.08E+18,2018-12-31 02:27:21+00:00,michael struggles with his italian which is typical of immigrant families despite popular notions that immigrants dont learn our language most families make the lingual switch within three generations hatm
0,8.00E+17,2016-11-20 01:42:45+00:00,impolitics my ancestors were immigrants from poland and i do know history
0,1.03E+18,2018-08-09 16:55:36+00:00,it has been proven time and time again that european immigrants especially those from western europe dont get treated the same as immigrants who are poc this is not to say that they dont have their own struggles but even when they do its not due to race 
1,1.01E+18,2018-06-22 03:30:47+00:00,potus if mexico wont stop the illegals from crossing border stop all trade with mexico an do away with nafta no stop no mex trucks in us
0,1.43E+18,2021-09-01 18:29:23+00:00,gauravlele pork is considered a dirty hence forbidden food in judaism the pig is not a holy animal if you want you can buy pork products in the uae and in israel 
0,8.07E+17,2016-12-07 17:39:11+00:00,"i would bring back water boarding and id bring back a hell of a lot more than water boarding
mexican immigrants are rapists "
0,1.14E+18,2019-06-23 23:52:34+00:00,chuckcallesto reparation for what this insane okay im an italian immigrant i also want reparation for being called all kind of horrible names and miss treated and like me immigrants from all over the worldthis bull shit got to stop nobody ows anybody anything
0,1.31E+18,2020-09-19 15:51:13+00:00,"wishiwas20 sara2001noor rhymesradical dont forget america was colonized by criminals amp religious outcasts from europe were all descendents of immigrants magas are so stupid they need to study history these stupid racists are walking the streets with guns be afraid vote blue
racistlying gop traitors have to go"
0,1.28E+18,2020-07-12 22:16:23+00:00,chuckwoolery what about poor irish immigrants who came to america in yearly 1860s and immediately went to war against slavery was it a privilege who owes whom
1,1.02E+18,2018-07-24 02:17:05+00:00,enemy of the people is an obvious one no collusion another caravans of immigrants iran 
1,1.12E+18,2019-04-13 08:02:20+00:00,so with the status of the immigrants brought into the usa during the middle east crisis they are most of them in witness protection thats how the us got the info to wipe out isis they gave these informants us protection and brought them here 
0,1.49E+18,2022-01-27 12:11:38+00:00,there is ignorance and racism by american negroes against african immigrants for sure but it can be overcome
0,1.08E+18,2019-01-10 12:50:13+00:00,cutterwgonzalez maybe because i owned a successful lawn and landscaping company before the eagle ford shale was opened this small business sector is dominanted by people who have an ancestry that traces back to mexico many immigrants legal or illegal fill jobs which citizens seem to pass on
0,1.09E+18,2019-01-28 12:09:54+00:00,"no ap if kamalaharris is elected in 2020 she will not be the first africanamerican woman to be president as the daughter of immigrants from india mother amp jamaica father harris would be the first caribbeanamerican woman in the oval office
"
0,8.36E+17,2017-02-27 06:13:57+00:00,realdonaldtrump look at those immigrants winning american trophies made in china i shouldve had customsborder there dt isuck
0,7.43E+17,2016-06-15 21:10:25+00:00,zspargo are you asking what other countries have immigrants or are threatened how about all the nations of europe
0,9.76E+17,2018-03-20 21:33:00+00:00,donnnie quidprowtf malibuu7 proudcapatriot rorygilligan1 wandaisback cjdtwit rustimccollum datofreddy tbeaux29 stand4honor realgracekelly heyzueschristo momof24u unconcious0 deplorabletx71 latinlade58 uniquedeehan1 billtrain464 skypilot195 franksan240 dweaver6 childlikefaaith bronson69 paulgmcc1967 booktyphoon maximunspeed dolphindiver sksskanz timesupjokers haroldb54 tiredofurcrap2 scottpesner luluhru2 caoutcast deeplorableinwv seeds81planting ladydiblu1 barrywirth izonorion71 4redbadger gjack22 zeachers landensmith11 whamo20 ninagrigsby techqn tabbywesa billbenedict61 shoreymichael it used to when immigrants assimilated learned our language got an education loved our culture and laws became patriots americans
0,5.96E+17,2015-05-05 13:26:35+00:00,cincodemayo that 1 day a year where americans send very strong mixed signals of acceptance to mexican immigrants
0,7.89E+17,2016-10-20 03:41:21+00:00,ayothatanachick foxnews realdonaldtrump he said some illegal immigrants that are coming in are rapists not every mexican
0,9.05E+17,2017-09-04 23:57:01+00:00,juddlegum perfect in so many ways if only they were made in america by illegal immigrants made in china is good but
0,7.58E+17,2016-07-26 00:16:11+00:00,european immigrants decided native american dogeating to be unamerican and banned dog meat sale in the us
1,8.38E+17,2017-03-03 16:08:37+00:00,foxnews thought californians love illegals immigrants refugees esp from mexico sewage is their gift to you for your and hospitality
0,1.06E+18,2018-10-29 18:55:29+00:00,trump said full efforts were being made to stop the onslaught of illegal aliens from entering the us and called the caravan a disgrace to the democrat party people have to apply for asylum in mexico first and if they fail to do that the us will turn them away trump said
0,1.08E+18,2018-12-20 19:57:22+00:00,a5 in chicago we do a traditional german christkindlmart holidaymarket to honor the many german immigrants that populate this amazing city its so festive and fun and the food culturetrav 
0,1.16E+18,2019-08-18 22:30:22+00:00,kamalaharris funny how when european aliens came the americas back when native americans occupied this land the european aliens thought it was there right to steel it from the native americans now look at how their offspring view immigrants of color
1,1.13E+18,2019-05-31 23:29:50+00:00,sendougjones well what are you doing we are being invaded start a bill to tax all money sent to mexico 35 and mexico will take care of the invasion shorttermdoug
0,3.66E+17,2013-08-09 05:16:40+00:00,thompsonator2 emma4lu kingzacharabia its cuz im mexican homeland security deals with illegal immigrants l
0,6.35E+17,2015-08-21 02:31:59+00:00,greece had a great idea wdocumented immigrants teach them greek then they can work amp pay taxes in the country smarter way to go
0,9.97E+17,2018-05-17 21:08:21+00:00,shaunking kumailn unfortunately the president of the united states declares illegal immigrants crossing from mexico and from latin countries declared them animals this is our current human climate
0,4.93E+17,2014-07-25 20:35:24+00:00,children fleeing gang violence in central america stuck at the border and all congress wants to do is deport them 
0,1.27E+18,2020-06-19 02:29:15+00:00,"speakerpelosi must remove chefboyardee from all government buildings amp kitchens
its a disgrace to anglicize a name removing heritage while italian immigrants dominated construction sites that built so many great buildings of beauty amp heritage bring back ettore boiardi "
0,7.66E+17,2016-08-18 02:13:56+00:00,come on people wake up ukraine could be on the cusp of being invaded
0,1.01E+18,2018-07-03 21:11:49+00:00,two facts on my mind a lot this week martin van buren 8th us president was the first president born an american not a british subject he also grew up speaking dutch and learned our language as a second language were a nation of immigrants and radicals lets celebrate
0,8.62E+17,2017-05-08 11:35:17+00:00,marcsandsparks israelipm potus ignore this british troll hey mate pay attention2 you own country brits r original globalist now occupied foreign invaders
0,7.82E+17,2016-10-02 07:53:24+00:00,masterwuggles also the chinese immigrants that they joke cant speak our language speak more clearly than anyone ive ever worked with
0,1.16E+18,2019-08-15 13:05:01+00:00,checking my european immigrant privilege at the door of the nytimes european immigrants are so offended that we would be in a more privileged position or looked upon more favorably because of that ailanational mcenteelawgroup 
0,1.06E+18,2018-11-09 17:46:00+00:00,transitionfiend peenersweden have you read the newspapers in the game the background for this hundred year old story is basically taken out of todays headlines president wants to stop trade with mexico immigrants are evil voter suppression fucking wild
0,7.78E+17,2016-09-19 18:19:11+00:00,juanorlandoh honduras proud of countrys econ growth wouldnt have been possible wo immigrants un4refugeesmigrants ideaatunga71
0,1.14E+18,2019-06-05 18:51:01+00:00,kkingthorpe do you speak spanish ir norwegianitalianfrench or any other languageportugesearabic or any other thing you can think ofbecause ameri a is founded on immigrants chinese slovenia like flotusshe learne be best english here amp quite frankly her english is not so good
1,1.13E+18,2019-05-17 15:43:06+00:00,suspected serial killer of elderly women indicted in texas turns out to be illegal immigrant from kenya 
1,1.06E+18,2018-10-29 20:10:58+00:00,this is the second caravan of invaders take a look at this crap if republicans dont have enough motivation to vote in 1 week if they havent already then this will be pouring through our borders every day until the entire population of central america invades our country 
0,1.37E+18,2021-03-18 18:19:06+00:00,mayraabc13 roxieabc13 now abbott blames president biden for the influx of immigrants coming into the us these immigrants have been at the border for months these are mostly from the caravan that came from central america why didnt he blame the former president at that time his compadre
0,1.01E+18,2018-07-04 23:28:33+00:00,robertk25802325 crystalzander jacobawohl realdonaldtrump is n korea denuking is mexico paying for wall did the corps use their tax savings to hire or buy back stock do black people feel safer in the hands of cops are immigrants held at borders reunited with their kids i could go on
0,1.23E+18,2020-03-03 12:26:16+00:00,orsogna mutual aid society will host its 6th annual festadelladonna on sunday march 8th with keynote speaker italian journalist amp author angela trentini orsogna abruzzo immigrants italianamericans astoria nyc newyorkitalians womenshistorymonth 8marzo 
0,8.90E+17,2017-07-26 00:06:18+00:00,middle eastern immigrants make the us stronger aiww
0,1.52E+18,2022-05-09 12:22:08+00:00,anthonyschutz nebragron078 many people have no idea that meat processing plants have always relied on the newest immigrants to work the lines the polish and czech communities in chicago and omaha as an example
1,8.44E+17,2017-03-22 10:06:20+00:00,govhawaii hawaii no snakes or plants but illegal immigrants ok time to reevaluate your strategy amp u want protection from n korea right 
0,5.05E+17,2014-08-27 23:51:22+00:00,kyiv pretends 2 b nazis but they want 2 join the eu who will run millions of immigrants over their borders ukraine maidan rotherham
1,1.06E+18,2018-11-01 10:28:53+00:00,ann without mexicos express permission we cannot move our army onto mexican soil the invaders will have to line up on the bridges of course we could put a desk in the center of the bridge and stretch the line back to honduras 
1,7.36E+17,2016-05-25 18:54:41+00:00,"go hometo mexico than leave usa
vote for trump make america great again deport illegal immigrants build wall "
1,9.45E+17,2017-12-23 17:38:50+00:00,yjtorbati shearm juliehdavis potus groused thousands of immigrants from haiti all have aids and those from nigeria would never return to huts once they saw america
0,1.08E+18,2018-12-29 01:53:16+00:00,hamadanajar jnjkahl in palestine it is exactly what happened to about 100 million native americans that were killed on turtle island by invaders from europe palestinians are murdered almost every day when will all this killing stop and when will we ever have peace on earth
1,4.95E+17,2014-07-31 11:27:51+00:00,send them back to south america
1,8.35E+17,2017-02-22 21:41:22+00:00,if these mexican immigrants are so great and wonderful why is their own country refusing to take them back why is this hannity
0,1.07E+18,2018-11-23 03:47:27+00:00,politico raylong the very progressive politician that hillaryclinton once applauded for opening the eu amp germany in particular to 100s of 1000s immigrants that now must slam the door shut to stem rampant nationalism hillary now do the usmexico border
0,9.51E+17,2018-01-11 16:33:02+00:00,muslim immigrants in norway take compulsory classes on womens rights damned journalists dont know about problems with muslim crime in norway but huffington post does bullshit
0,1.09E+18,2019-01-20 20:52:12+00:00,secnielsen potus temporary extension without path to citizenship only kicks the can down the road we need the workers since theres a shortage in many industries daca recipients have been here since childhood speak our language are educated work amp pay taxes why would you deport them
0,1.23E+18,2020-02-26 00:07:29+00:00,timfullerton atrupar i mean yes but i dont know why anyone expects dhs whose primary mission seems to be harassing immigrants and people of middle eastern descent to have a handle on a health crisis
0,1.51E+18,2022-03-22 05:32:05+00:00,emptyamerica in ride with the devil the character dutchie is jacob roedell the son of german immigrants
0,1.26E+18,2020-05-16 15:21:07+00:00,"mzhemingway realdonaldtrump because guilty pleas 2 of them arent evidence right lets see how can i distract from my covid19 failure 1 obamagate whatever that is
2 china is evil and so is the who
3 democrats are letting immigrants come and kill us
4 fake news failing ny times"
0,1.19E+18,2019-11-09 17:28:08+00:00,historic day for india and hinduism across the world ram gets his home back after centuries of forced occupation by the invaders it is only rightful to return something that was taken unlawfully righteous way forward for india
0,1.25E+18,2020-04-08 02:23:22+00:00,litzygalarza rubendegollado drmelicastillo and i am not even that dr galarza for the us latinos i am an outsider for the mexican immigrants i am el güerito so where do i belong to i have had more identity crisis in three years than in my entire adolescent years 
0,8.93E+17,2017-08-03 09:44:22+00:00,"most american jews today are the ancestors of eastern european immigrants who came here around 1900
none of them spoke our language"
0,1.54E+18,2022-07-04 15:07:49+00:00,chestnuthell i live near wooster square in new haven there used to be a beautiful bronze statue of christopher columbus there crafted by italian immigrants in 1892 in 2020 they took it down i have a problem with that
0,9.09E+17,2017-09-16 14:12:41+00:00,"iraqi immigrants detained in the us go on hunger strike
"
0,1.01E+18,2018-06-25 00:10:04+00:00,i am the son of undocumented immigrants who came from nicaragua in 1970 with next to nothing i am proud amp unashamed hopefully others like me who have been hiding their familys unspoken secret can feel that its ok to speak our truth out loud if you are prepared
0,1.28E+18,2020-07-11 16:40:04+00:00,garwalbion matthewdmarsden the point you were making was that all americans are immigrants which is incorrect settlers from britain and the netherlands created america west african slaves built much of america none of those groups are american immigrants
0,1.59E+18,2022-10-28 10:48:35+00:00,zencanuck jwlewington plubius5 popehat the civil war immigrants often wanted to display their loyalty to their new country showing that they were americans rather than irish germans italians etc after a while it became a natural part of the culture to the point where americans dont know that its strange
0,1.02E+18,2018-07-15 17:04:11+00:00,hey lapen and your hate and fear mongering cabal of alt right neo natzi a multiracial french group of immigrants just won the world cup as they did in 1998 its time for you and your ignoramus hate mongers to move preferably to siberia where correlating will be at home
1,8.26E+17,2017-01-29 13:32:13+00:00,problem solved all 7 countries should reroute immigrants to canada pm is begging for more people to add to welfareinsurance program 
0,1.12E+18,2019-04-12 23:42:17+00:00,johnrjohnson so true when he said that president xi in china had made himself president foreveri knew right then that bc the republicans are totally on board weverything he does whether its the law or unlawfulthat is what he will do they would honestly let him murder immigrants
1,1.05E+18,2018-10-14 18:35:26+00:00,cb618444 gatewaypundit land the c130s in front of them herd them into the planes and send them back to honduras show no pity because these are coming to steal from us if they were honest and wanted to come here to work they would have done it the legal way they are not asylum seekers potus
0,3.25E+17,2013-04-19 14:53:51+00:00,tbars23 but still not just from mexico many immigrants come here from other countries and do the same thing as the mexicans
1,1.00E+18,2018-06-07 09:48:15+00:00,repandybiggsaz freedomworks you are a crazy person canadian steel is a threat dirt poor immigrants are a threat debt is a threat
1,6.64E+17,2015-11-11 04:17:06+00:00,gopdebate america greatness china is bad no immigrants gays are weird im out closingstatements
0,6.47E+17,2015-09-23 13:41:37+00:00,accepting the huge numbers of refugees and immigrants will have profound and lasting consequences esp on western europe
0,8.96E+17,2017-08-12 17:07:25+00:00,aletweetsnews every one of them r immigrantsmarches should be carried out by the native american indian or maybe spain the original american colonists
0,6.22E+17,2015-07-18 17:10:49+00:00,too many muslims in america agree with the terrorists and hate america and israel deport them
0,6.14E+17,2015-06-25 17:11:23+00:00,univision dropping missusa pageant over donaldtrump comments about mexico immigrants shameonhim via wtop
0,7.14E+17,2016-03-27 13:01:37+00:00,started in pennsylvania by german immigrantscadbury says thank you as do millions of american children 
0,1.01E+18,2018-06-11 19:00:26+00:00,irenesnaps truth4allofus masmiff mhbx dv51321050 loadedfortruth madelyndewinter joshuaj58966466 shaunking even previous gop leaders sought to strengthen our relationships with allies while keeping a close eye on russia they also treated undocumented immigrants better than today yes our immigration has always needed reform but its so much worse now
0,6.67E+17,2015-11-18 01:45:33+00:00,its almost physically painfully to me the hatred people are showing our immigrants and especially the syrian refugees heartbroken
0,1.17E+18,2019-08-31 00:10:51+00:00,felipemejia2 castro was coconut ashamed of being mexican distanced himself from immigrant community avoided immigrants and failed to learn spanish to sound anglo ran away from roots sold himself as a chicano to get into stanford returned to texas and wants people to kiss his ring fu
1,1.01E+18,2018-06-23 21:03:47+00:00,yes it would just be another reason for the demoncrats to complain the taco salad is an insult to immigrants watermelon slices is against blacks the bbq tasted like northern korean bbq served by the downtrodden and finally samonella was not served on a bipartisan basis 
0,1.30E+18,2020-08-23 21:26:24+00:00,during a meeting with key advisers president trump allegedly said that all haitians have aids and that nigerian immigrants would never go back to their huts he also referred to haiti el salvador and african countries as shithole countries
1,1.08E+18,2018-12-21 20:00:34+00:00,disgustingif i were in italy id have these losers march right onto a freighter or tanker amp ship them the hell out of the country to siberia or whatever hell they came from sad to see beautiful with great works of art renaissance go down the tubes with these invaders 
0,1.59E+18,2022-11-16 03:46:25+00:00,hand pickled pelosi a bottle of russian vodka and send her back to san franfeces 
1,5.03E+17,2014-08-21 18:38:24+00:00,a white girl said illegal immigrants from mexico can bring diseases and harm us
0,1.01E+18,2018-06-22 18:30:04+00:00,forever annoyed that people think immigrants only come from mexico 
0,9.92E+17,2018-05-03 19:54:16+00:00,i dont understand why you kick out a huge group of people rather than use the potential they have says med student and honduran w tps trump decision soon on 57k hondurans 
1,9.57E+17,2018-01-25 22:23:11+00:00,so send him back to canada where he was born 
0,7.89E+17,2016-10-20 01:27:56+00:00,donald your wife is an immigrant so fresh she cant even speak our language why in the hell do you hate immigrants debate
0,1.57E+18,2022-09-21 03:49:42+00:00,exactly narco regimes potus understand the regimes forces immigrants to escape violence and misery in venezuela cuba and nicaragua facts ask dea cartelossoles remember maduro and trump are putins puppets 
0,1.43E+18,2021-08-14 18:59:32+00:00,yes this is what im doing by writing about my great great aunt marie gibson in rodeo history historians writing about rodeo have often been white males who left out the perspective from indigenous peoples women and immigrants discriminated against in canada and the us 
1,1.19E+18,2019-10-22 14:55:06+00:00,alberta draping self in canadian flag as proud canadians we dont want any immigrants here who dont share our deeplyheld canadian values and unwavering canadian patriotism alberta the moment their guy loses an election welp guess our only option is secession
0,6.37E+17,2015-08-28 13:19:33+00:00,its interesting to me that europe refers to refugees as migrants and the us calls the same type of immigrants illegals
0,1.05E+18,2018-10-18 18:38:37+00:00,"trump will use us military force to close our southern border if guatemalan caravan of immigrants reaches u s
excusetoisolateamerica beginingsofovertfascism"
0,9.06E+17,2017-09-07 09:59:23+00:00,imagine if 77 of daca recipients were white european immigrants instead of mexican would the president rescind daca defendadaca
1,9.55E+17,2018-01-20 12:16:07+00:00,bonjour haiti ça va on est laup and running on positive notes for the rest of the journey please keep calm and relaxas always we cultivate peace as haitian immigrants violence 
0,1.16E+18,2019-08-11 20:17:01+00:00,jesusacevedojr so you havent lived in mexico here it goes as someone who has and understands the white mexican culture because fam mexican privileged white males are in essence white males browns us latinx and immigrants are not seen as their equal
0,1.45E+18,2021-10-21 16:32:07+00:00,"stop horsetrading us senatordurbin 20 years of your immigration drama still continues several dreams shattered we want to trust you but your actions lie
dont punish indian immigrants by excluding 6000234
durbinisracist durbinhatesindians
judiciarydems"
0,1.24E+18,2020-03-17 22:47:42+00:00,can i also just sayi live in a neighborhood where indian immigrants are the majority of the population and we have none of this freakshow behavior here i just went to the store and normal stuff is stocked and everyone is behaving in an orderly way wtf is wrong with white ppl 
0,8.44E+17,2017-03-21 15:29:38+00:00,the disrespectful way some white people are talking abt todays immigrants youd think the irish italian amp germans were native americans
0,1.30E+18,2020-08-20 15:25:58+00:00,"the joke is on you all heartless racists who are all descendants of immigrants who cant stand seeing people from mexico and other north american countries coming this country looking for same opportunities that your grandparents came looking for
"
0,1.06E+18,2018-11-04 14:03:47+00:00,dstroemsborg fredguttenberg im german i do know over 50 cents of every tax dollar in germany goes to welfare the invaders of germany over the last few years are better taken care of than germans are dont tell me i dont know
1,8.54E+17,2017-04-18 22:00:22+00:00,evidence of a trump immigration effect more central americans staying in mexico 
0,1.23E+18,2020-02-26 20:49:04+00:00,mexican and filipino immigrants are the largest groups among foreignborn eligible voters lets go team 
1,1.37E+18,2021-03-16 02:34:47+00:00,jackposobiec noxanonne if they send them back to guam wont the island possibly tip over 
0,9.18E+17,2017-10-11 03:59:40+00:00,mexico has immigration laws that would not let the immigrants he allows to enter usa to become citizens 
1,1.13E+18,2019-05-31 03:19:30+00:00,thirdeyemalawi makes sense but illegal immigrants are relentless many of them are willing to die trying to cross the boarder us consumers will also be hurt by the tariff though a lot of fruit and other produce is imported from mexico
0,1.54E+18,2022-06-10 00:41:58+00:00,polo4congress toneman111 who cares gas is 5 dollars crime is rampant inflation is over 8 the border is being invaded we are going to war with russia more important issues than january 6th
0,9.74E+17,2018-03-15 18:23:10+00:00,lindseygrahamsc hey lindsey graham vladimir putin is not our friend nor is the blood sucking mexican illegal immigrants that have helped break american citisens backs and bank accounts trough mooching off welfare here in the uswe dont forget here in south carolina so dont change the subject
1,1.05E+18,2018-10-20 23:10:53+00:00,senschumer senatedems thats insane with 4000 south american immigrants rushing to our southern border insisting that we take care of them chuckie changes the subject to further ignore the imminent dangerous situation we face now so that he can avoid cooperating in any way
0,7.40E+17,2016-06-07 20:48:56+00:00,i did a quick research for all of you immigrants come from many different countries not just mexico get educated 
0,1.02E+18,2018-07-15 11:11:42+00:00,yes the french love immigrants on their team just not as their next door neighbors 
0,3.84E+17,2013-09-28 18:23:23+00:00,mworch true but in the us even german immigrants from places other than bavaria still celebrated it so thats how ppl associate it today
0,7.96E+17,2016-11-09 16:20:11+00:00,mexican american amp proud i got my rights like everyone i believe trump is referring to the illegal immigrants so know ur facts first
1,8.32E+17,2017-02-16 20:57:29+00:00,mayorwildadiaz half the nation didnt even notice that the mexican immigrants took the day off
0,1.29E+18,2020-07-22 18:11:18+00:00,they put turkish people to the sword they killed babies by attaching rum immigrants who came to kars from tbilisi in april 1918 stated that armenians levelled with the ground they burned and plundered kars and its environs azerbaijanwantsjustice
0,1.50E+18,2022-03-08 20:15:36+00:00,"impressive to have a working martial law economy even while being invaded the usa would never fare so well because socialism uatv uatvenglish ukrainenews
you are all heroes because you work in ukraine during the war denys shmyhal "
1,1.36E+18,2021-01-30 01:26:36+00:00,ryanmburke seanhannity lets let in 115 m illegal immigrants from south america whose governments are too corrupt to care for their own people but hey u wanted this so lets double your taxes and you pay for it i prefer to keep my retirement money i worked my whole life for
0,1.53E+18,2022-05-28 12:43:18+00:00,midrf usaporusski russiainusa usembru rushistorg rvioru vtretyakov vrsoloviev embrusiamexico rusembest vladkononov the virginians are prussian immigrants and they refuse to report spanish and german cyberattacks dc
0,1.01E+18,2018-06-23 22:26:09+00:00,"mennonnonolan charlestillman foxnews realdonaldtrump so immigrants commit a misdemeanor by breaking immigration laws amp the parents should lose custody of their children but because the mom is a citizen i didnt say that maybe shes visiting from europe she keeps her child
is there any nonracist rationale for this"
0,1.06E+18,2018-11-17 04:17:57+00:00,linmanuel michelleobama read leonard bernstein book death by pastrami go to ny tenement museum sweat shop exhibit there is a play in the museum book shop collection all immigrants child labor triangle shirtwaist factory fire to todays bangladesh factory collapse 80 female workers slaves
0,8.93E+17,2017-08-03 14:22:40+00:00,good but doesnt immigration both illegal and legal hurt legal immigrants already here who speak little english and take lowskilled jobs 
1,3.48E+17,2013-06-21 04:10:53+00:00,jalv1228 dont even trade send him back to argentina
0,1.03E+18,2018-08-10 13:01:46+00:00,75 of the people in this photo are immigrants ingraham who has never married is a single parent of three children a girl from guatemala whom she adopted in 2008 a boy she adopted at 13 months in 2009 and another boy she adopted in 2011 both of the boys are from russia 
0,9.33E+17,2017-11-21 19:31:49+00:00,dailytrix haiti is an independent sovereign nation puerto rico is an american terrritory and its citizens are american citizens trump cant deport them but maybe he doesnt know that
1,4.93E+17,2014-07-25 06:35:06+00:00,"aperlbachs keithellison get them out of minnesota and send them back to mexico
"
0,7.86E+17,2016-10-13 02:47:54+00:00,the helmets from spaced invaders are really awesomeand thats about it but helmets cartoon italian chef mu wah
1,6.67E+17,2015-11-17 14:34:57+00:00,"rwsurfergirl maybe 1 of the peaceful syrian immigrants obama flys in to usa
is a jihadist who will discover 1600 pennsylvania avenue in dc"
0,1.14E+18,2019-06-10 15:45:16+00:00,vp potus nothing changed immigrants will continue coming to the port of entry to apply for asylum usa is not moving an asylum table into mexico for these people to apply the us law says you have to apply in the country or at a us port of entry stop feeding bs to americans
0,1.27E+18,2020-06-11 10:40:18+00:00,msn does he know his ancestors are all italian immigrants racismisdumb
0,6.16E+17,2015-06-29 21:02:29+00:00,update nbc is dropping the miss usa and miss universe pageant following donald trumps comments about mexican immigrants
1,7.08E+17,2016-03-10 15:11:29+00:00,kevinedge8 tgradous jver1 patently false statement libs dont want the wall to end obamacare to end abortion to end syrian immigrants
0,1.05E+18,2018-10-22 21:59:01+00:00,retdherceng realdonaldtrump mexico is protecting their own borders from being invaded it not only serves their interests but fortunately is buffer to our border from illegal immigration
0,1.15E+18,2019-07-13 15:01:58+00:00,joycewhitevance hes a liar just like his boss and he claims hes a christian look up his record as governor of indiana regarding syrian immigrants
1,4.77E+17,2014-06-10 23:24:51+00:00,send him back to the dominican republic
1,1.58E+18,2022-10-12 22:09:57+00:00,jamesbradleyca it is big oil middle east and russia lets fight them now dont leave our fight for the next generation they will be so much smarter and peaceful lets not give in to foreign invaders propaganda hug your family and your neighbors
1,8.37E+17,2017-03-02 20:09:29+00:00,trooper2121 tregp theblaze will have to see or send him back to cuba
0,7.67E+17,2016-08-20 01:17:01+00:00,very mixed emotions as a son of jamaican immigrants who grew up in thebronx watching track amp field rooting for usa amp jam to do well 
0,1.06E+18,2018-11-02 22:34:18+00:00,italian immigrants scaramucci along with guiliani is an embarrassment spewing lies to line pockets is a shameful thing and this guy is a liar just like djt
0,8.28E+17,2017-02-05 18:09:13+00:00,lots of good reasons not to drink bud but someone tell trumpsupporting greatgrandchildren of german immigrants this isnt one of them 
0,1.01E+18,2018-06-22 19:23:50+00:00,abcworldnews why not show the millions of americans killed by citizens or better yet the way the only native americans were killed by the illegal immigrants that came from europe 
0,9.53E+17,2018-01-15 18:12:40+00:00,"today at 230pm stand up for haiti and africa
rally against racism in times square 42nd amp broadway to stand up to european imperialism european racism was on display yet again this week with
its hateful comments about haitian and african immigrants "
1,9.60E+17,2018-02-02 23:42:46+00:00,cnn msnbc foxnews loudobbs can someone explain the difference between russian interference in our elections and allowing illegal immigrants to vote
0,1.20E+18,2019-11-28 12:49:29+00:00,niggas already be shitting on latino immigrants for not being able to speak proper english did we really have to take it here 
0,8.79E+17,2017-06-24 17:14:56+00:00,the best view is from koreatown where the 135b tower can be viewed as a symbol of how much korean immigrants shaped their adopted city 
1,1.10E+18,2019-02-12 14:29:10+00:00,owenmccord joshuasamuels16 ddolle2246 leahmcelrath ingrahamangle trumpsfeed realdonaldtrump was betos crowd illegals from mexico
1,1.10E+18,2019-03-08 22:41:56+00:00,damn right fuck zimbabwe and burundi protect america and now they want to illegal immigrants to vote 
0,1.42E+18,2021-07-31 07:22:26+00:00,michaelpsenger for some reason they have a lot of immigrants who dont speak our language so they use the military to communicate about the lockdown
0,9.10E+17,2017-09-19 18:45:27+00:00,so yall only care about the rights of illegal immigrants now that your fav mexican restaurant is closed 
1,1.16E+18,2019-08-19 03:26:59+00:00,markyoungtruth chuckwoolery kamalaharris were all immigrants except for the middle east now we have to pay for trumps wall he said the mexicans will pay for it if it were up to me i would throw a wall around the whole country with gun towards anyone trying to get in will be shot on sight
1,4.96E+17,2014-08-03 22:40:17+00:00,am the immigration crisis is a sham the flood of undocumented latin american immigrants crossing into the us 
0,1.14E+18,2019-06-10 23:05:37+00:00,last night i dreamt i was a current day kwisatz haderach and south american immigrants were the mighty fremen and trump was baron harkonnen who uses ixian technology to hide his vast obesity underneath his lumpy suits i think about dune a lot i guess
0,8.62E+17,2017-05-09 12:30:20+00:00,unreal us seeks evidence of haitian crimes as it weighs their stay 
1,1.23E+18,2020-02-22 17:09:12+00:00,"id say black hebrew israelites and illegal aliens from central america if you dont want to be killed by isis dont go to syria if you dont want to be killed by a mexican theres nothing i can tell you anncoulter to jorgeramosnews 05262015
cc aikensjosh "
0,1.10E+18,2019-02-24 22:49:11+00:00,timthast stevemoitozo2 armourmeats my aunt used to rent rooms to mexican immigrants more than one thought that cristo had a chicken insidegood picture on it
0,9.83E+17,2018-04-08 04:26:53+00:00,the men identified in this photo are german irish slovak and swedish immigrants who built america 
1,4.86E+17,2014-07-06 22:13:45+00:00,canproveit cruz is an idiot send him back to canada
1,9.91E+17,2018-04-29 22:18:17+00:00,if we let these benefit sucking immigrants in now its the first wave from central america