sentiment,id,date,text
0,1598104434470686721,2022-11-30 23:59:23+00:00,JesseWattersFur kcoleman CommunityNotes Written by community Notes are then rated for helpfulness by other contributors Notes are only shown on Tweets if they are rated helpful by enough people from different perspectives See how Community Notes defines and uses differences of perspectives https //t.co/d8uc7Ei7Iy
0,1598102818292142080,2022-11-30 23:52:57+00:00,browneyegirl400 Need to send her back with the immigrants
0,1598101950058618882,2022-11-30 23:49:30+00:00,Jim_Jordan People from New York don ‚Äô t want to hear about how to run our city from people from Ohio
0,1598101604951261184,2022-11-30 23:48:08+00:00,BasedNewman Bobhitchinaz charliekirk11 Of course I don ‚Äô t want to see people dying of anything actually But blaming everything on immigrants is lazy and really you ‚Äô re just trying to point score This stuff happens with Dem or Rep administrations I ‚Äô m sure you didn ‚Äô t call it out from 2017-2021
0,1598101260166922242,2022-11-30 23:46:46+00:00,A SHIT TON of people from the transferportal decided to come to Florida I ‚Äô ve never seen worse drivers in Tampa https //t.co/Ww16c3aO3C
0,1598100364816891904,2022-11-30 23:43:12+00:00,AuntiePho88 TristanSnell sandibachom Yep the worst of the worst was already here and the fact is they ‚Äô re not immigrants they were Americans
0,1598098429888303104,2022-11-30 23:35:31+00:00,GivingTuesday was great‚Ä¶and YOUR impact continues Good News Yesterday on GivingTuesday people from our community gave to feed care for our most vulnerable neighbors THANK YOU You can still give back here ‚Ä¶ https //t.co/DLhz5NPkSi https //t.co/Yp26C7QSzI
0,1598097602817687552,2022-11-30 23:32:14+00:00,yooocaitlin Omg yes It ‚Äô s like you can tell the difference between the recently turned alternative people from the true emo kids from back in the day
0,1598096585136611329,2022-11-30 23:28:11+00:00,SecularGent Because those wanting the gop to win think they will have a better bucket to piss in when fascism comes But hey someone ‚Äô s gon na have to go and pick the potatoes when all immigrants legal and otherwise get shipped out But good bless those voters ü§Øüëπ
0,1598094702016069633,2022-11-30 23:20:42+00:00,PeterSweden7 gmbno Solve the problem Allow more immigrants and refugees Bienvenidos/as
0,1598092971148476417,2022-11-30 23:13:50+00:00,MilhanMoomen kreighbaum ellengilmer Nope it doesn ‚Äô t say so It is meant for high skilled employment based immigrants irrespective of country of birth Country of birth is NOT a skillset For diversity DV visas are already there Removal of country cap has nothing to do with backlog It ‚Äô s discriminatory
0,1598091135716446210,2022-11-30 23:06:32+00:00,Somehow ICEgov published on its website the names birthdates nationalities and locations of thousands of immigrants seeking U.S. protections‚Äîexposing them to potential retaliation from the very individuals gangs and governments they fled Inexcusable https //t.co/a0cApVN6G7
0,1598089220618620935,2022-11-30 22:58:55+00:00,ImaBirdNackNack oh cool I have very similar practice called tree yoga described in the notion on my profile I reinterpreted it from similar ancient Vedic practices first recorded by Earth people from Andromeda ‚ôæÔ∏è years ago It is all about training Sinuses to see from far with stability
0,1598086449831694336,2022-11-30 22:47:55+00:00,FarmsSunset EricBla62316405 PlantBasedNews That exact thought crossed my mind With the biggest variety of people from ALL walks of life veganism is growing Do you realize how strange it is that so many different types of vegans all agree üíØ on one subject Be kind to animals Go Vegan üå±üå±üå±
0,1598084445483208704,2022-11-30 22:39:57+00:00,ItzGetty 90 of the construction force is immigrants from the border They are hard working people I have many who I ‚Äô d do anything for We need to fix our system Let those in who want to work Kick those out that don ‚Äô t üòÇ
0,1598084144915185666,2022-11-30 22:38:45+00:00,The old white woman and the middle aged black man who JUST MET on line at the bus station are arguing -in favor of the free housing of the American poor -against the free housing of Venezuelan immigrants -how easy or hard it would be to get a gun to shoot Trump I 'm stumped
0,1598083869735276544,2022-11-30 22:37:40+00:00,https //t.co/rhiZjUJLn8 ICE inadvertently published on its website the names birthdates nationalities and locations of thousands of immigrants seeking U.S. protections
0,1598081844343623681,2022-11-30 22:29:37+00:00,If Socialism is Great all Illegal Immigrants crossing our Borders should be going to Cuba Venezuela Nicaragua CNN MSNBC NBCNews CBSNews ABC TheView morningmika maddow donlemon andersoncooper jaketapper wolfblitzer Message to the Left Media SOCIALISM DOES ‚Äô T WORKüëéü§Æ https //t.co/C9bMitjmnI
0,1598079533181292551,2022-11-30 22:20:26+00:00,dcbennion As a relatively new immigration lawyer background is in state criminal I am horrified by Moshannon ‚Äô s refusal to allow video access for state court matters They ‚Äô re shipping people from Mass to PA and won ‚Äô t arrange for them to answer on their state court matters It ‚Äô s so wrong
0,1598076344487006210,2022-11-30 22:07:46+00:00,ansiC0 reluhstra AButyl6 FoxNews You do realize that it is a federal crime to ship ILLEGAL immigrants across State lines right Scanf So are you saying DeathSantis and Abbott are criminals Lock them up Lock them up
0,1598074947397509120,2022-11-30 22:02:12+00:00,With the holiday season upon us we wanted to remind every to be safe and drink responsibly üéÑ Check out our latest blog to avoid letting a DUI put a damper on your holiday plans https //t.co/NUVwvkQSIH
0,1598073096816427008,2022-11-30 21:54:51+00:00,rising_serpent Mezzy50 They see immigrants I see Soldiers
0,1598070939400691712,2022-11-30 21:46:17+00:00,‚Äú I came here to celebrate ‚Äù SenMariaEDurazo addressing HA35 üëèüèΩ The Senator mentioned efforts to ensure DoloresHuerta made Health4All part of her organizing amp building coalition fighting at the onset of the pandemic for access to testing amp for immigrants to get healthcare https //t.co/Na4sPb08Zy
0,1598069679263604736,2022-11-30 21:41:16+00:00,People from Louisiana are so cool I ‚Äô d move there in an instant if it wasn ‚Äô t for humidity and hurricanes
0,1598069270801707009,2022-11-30 21:39:39+00:00,alexlindsay The more I learn about Pittsburgh the more I like the city I ‚Äô ve met a lot of great people from the area yourself included If it were not for those daggone Steelers ‚Ä¶ üòú
0,1598068612493115392,2022-11-30 21:37:02+00:00,mikepompeo You meant family separation immigrants are human beings too seems to me that your Christianity works only when it comes to straight white christians
0,1598066354745376768,2022-11-30 21:28:04+00:00,"67,450,000 üëèüß° That is how much our Greater STL community generously contributed to our 100th annual campaign of helping local people From the bottom of our hearts thank you ALL HelpingHere100 https //t.co/zYx8ZqGGxW"
0,1598062830045270017,2022-11-30 21:14:03+00:00,"POTUS THIS SHOULD NOT HAPPEN EVER THESE PEOPLE ARE TARGETS Come on Pres Biden ICE accidentally released the identities of 6,252 immigrants who sought protection in the U.S. https //t.co/JW8YhDoyMn SmartNews"
0,1598062774894350338,2022-11-30 21:13:50+00:00,sav_says_ Will that help California 's Homeless Energy and Drought Fire problems Will that Robot Help stop illegal immigrants who jump the border x5 and KILL Kate Steinle IN San Francisco
0,1598060446489411584,2022-11-30 21:04:35+00:00,kobbysway JoeyKnish22 Friend as an American I can tell you this my country just love to but their noses and everybody else 's business and they love to welcome in many many people from every culture some countries have an immigration cap okay and it 's time for sensible change in my country 's policy
0,1598059142992007169,2022-11-30 20:59:24+00:00,Snowden DHSgov POTUS TeamPelosi SpeakerPelosi CIA FBIBoston bostonherald FoxNews FOXLA 20thcentury elonmusk JeffBezos US gov hires immigrants who do n't respect US Constitution amp Bill of Rights-illegal censorship Report Ms. Bayo E. Cary AA BA MLIS VP bhkustv https //t.co/iZAl2q8Fi3
0,1598058664962695168,2022-11-30 20:57:30+00:00,People from maryland should not be issued drivers licenses
0,1598055527459786752,2022-11-30 20:45:02+00:00,You know what ‚Äô s funny it ‚Äô s not even people from New Orleans thinking that ‚Äô s the real BG it ‚Äô s Texas people saying that lmfao niggas don ‚Äô t even know how to make gumbo and gon tell US that that ‚Äô s the real BG
0,1598055220969459712,2022-11-30 20:43:49+00:00,jmuns22 catholicpat I do n't even mean to dig too hard on the saints they were people from whom we can learn quite a bit and have reason to admire But Christ is our mediator Hebrews 12:24 to pray to any other than God is a direct violation of the 1st commandment
0,1598053982416826368,2022-11-30 20:38:54+00:00,RepSamGraves You seem like to have forgotten that unless you 're a Native American your ancestors came here as immigrants Were walls built to prevent ships from reaching our shores I do n't think so Instead we forced Indians off their homeland to make it our own Go read a history book üò†
0,1598053323394908163,2022-11-30 20:36:17+00:00,eruptionsblog elonmusk davidwolman The problem is how you define `` misinformation '' Let 's take something non covid related like homeopathy No one in the professional medical world thinks that it works Should we stop people from expressing their positive views on homeopathy
0,1598050032296824832,2022-11-30 20:23:12+00:00,RossMcGivern lennoxc SportsTVRatings That has everything to do with it Yes soccer is growing in popularity in the US but people now can watch European leagues so that 's what those immigrants are watching We 've been hearing the `` primed to grow '' for years now And yet MLS continues to operate like a niche sport
0,1598047225640124416,2022-11-30 20:12:03+00:00,https //t.co/LldEkgdUFC Christian Americans tear gas Christian immigrants
0,1598044818503921664,2022-11-30 20:02:29+00:00,Aredaloh murphbacktf antyeayea Sure ... `` Without the Civil Rights Movement tens of millions of immigrants and their descendants would not be in the United States today '' https //t.co/Y3mv85x4Kv
0,1598044245507846144,2022-11-30 20:00:13+00:00,SagittariusN2U The musta forgot about the Doctor Doctor Dre Hell Prince is better if not equal to MJ Musically Prince was a genius Drake isn ‚Äô t even in the top 15 Lots of people from PAC to Naz hell busy bone is better than drake lol gtfoh that Canadian need to go back to Degrassi lol üòÇ https //t.co/SQ3svnvrv0
0,1598041080905494528,2022-11-30 19:47:38+00:00,Accept the truth https //t.co/1luHBwcMTL
0,1598041069551202307,2022-11-30 19:47:35+00:00,drboycewatkins1 He 's not going to do anything He 's another Barak Obama Someone who can give great speeches but only cares about gay marriage illegal immigrants and censorship Do n't get your hopes up
0,1598038336794693632,2022-11-30 19:36:44+00:00,Immigrants have no right to disrespect our American way of life
0,1598038106510594048,2022-11-30 19:35:49+00:00,I know these are n't huge numbers but if you 'd told me 7 years ago when I started this band that 1000s of people from 99 countries would be into my music ... thanks https //t.co/JUVVx90U4l
0,1598037883306508290,2022-11-30 19:34:56+00:00,Hi back at U Quotes vaguely bible iamAtheistGirl So immigrants must move into Ure home Tell that to the Indigenous folks https //t.co/cdonF4Q7Ci
0,1598037598265815040,2022-11-30 19:33:48+00:00,Were n't the immigrants under your `` care '' when Putin 's installed catastrophe defiled our White House Worse immigration policy ever was your https //t.co/LbJxr4sOzt
0,1598029728283512832,2022-11-30 19:02:31+00:00,Day 3 ranjitdisale experienced -14 C. for the 1st time ü•∂ We went to FargoNDSchools amp met w/ superintendent RupakGandhi schoolboardmember NyamalD amp the FPSFoundation Ranjit presented the annual donation to my scholarship for EL refugee amp immigrants students https //t.co/y06peisxGt
0,1598029253240827904,2022-11-30 19:00:38+00:00,AmazonHelp Heads up scammers are calling people from 888 -807-4118 posing as Amazon Customer Service
0,1598027853698072576,2022-11-30 18:55:04+00:00,Make good history in 2022 by passing HR3648 High skilled immigrants deserve equality in immigration laws HR3648 Amendments help employers retain jobs here in the US It is now or never RepZoeLofgren Do not ditch us Lofgren
0,1598026412258390016,2022-11-30 18:49:21+00:00,Dignity has no nationality Immigrants are invited to the USA based on skills amp not birth country HR3648 bans job postings that hire only temporary workers H1Bs RepZoeLofgren lead us to fairness Do not deny us equality Lofgren
0,1598025588660662272,2022-11-30 18:46:04+00:00,ZeynabDay It ‚Äô s worse than 1932 because at least their work possessed a patina of actual progressivism We ‚Äô re in the Gilded Age 2.0 for sure It ‚Äô s all developer-driven all about clearing people from the streets for raw commerce
0,1598024732519301120,2022-11-30 18:42:40+00:00,ü§¶üèΩ‚Äç‚ôÇÔ∏è I got ta start meeting people from SanJuan PuertoRico i be wantin to chill locally
0,1598023237015068672,2022-11-30 18:36:44+00:00,Isleepwellatnig abarefootmomma It was never my intention to insult you in any way I shared my opinion We have different perspectives because we are different people from other places I wish you peace and blessings
0,1598022517025050630,2022-11-30 18:33:52+00:00,If you ‚Äô re bothered by NYCMayor ‚Äô s new policy of removing severely mentally ill people from the streets I ‚Äô d like to hear some alternative solutions
0,1598018669153783808,2022-11-30 18:18:35+00:00,ILemley09 Already deleted 4 people from my life
0,1598018541999251456,2022-11-30 18:18:04+00:00,conjurial golikehellmachi SpaceX gets most of what was nasa 's budget in subsidy and has all the best people from JPL due to Boeing mismanagement and still needs a massive structure of matured managerial barriers to control his impulses from impacting operations and he still poisons the culture
0,1598017955123470337,2022-11-30 18:15:44+00:00,Read more ... and travel Talk to people from other cultures The comments on this thread illustrate American isolation from the global community https //t.co/Zui2okHh7V
0,1598017038077022208,2022-11-30 18:12:06+00:00,Acyn Pence jumping in sweating As long as the gays and immigrants don ‚Äô t get any ON me‚Ä¶ chuckles in Christian radio host
0,1598015632767094785,2022-11-30 18:06:31+00:00,thocpodcast Very good idea to prevent angry people from buying booze lol
0,1598012746314166273,2022-11-30 17:55:03+00:00,HR3648 will end indentured servitude in companies Equality is ABOUT equal treatment of INDIVIDUAL immigrants HR3648 will treat all skilled immigrants equally RepZoeLofgren
0,1598012179365916673,2022-11-30 17:52:47+00:00,CovidIsntOver Yet WalmartInc took down all their plastic shields between the cashier and Customer IN THEIR PHARMACY I don ‚Äô t get it It was already there Why not just leave it there Its not hurting amp it may be saving some people from getting very sick or dying Smh https //t.co/UB4Su0fdTh
0,1598011736120262656,2022-11-30 17:51:02+00:00,Le PM 65 ans ne parle pas couramment Anglais apr√®s tous les cours que nous lui avons pay√© Les immigrants doivent parler Fran√ßais apr√®s 6 mois Cherchez l ‚Äô erreur Seraient-ils plus brillants que nos √©lus https //t.co/wTqEDO4v1x
0,1598010242964459520,2022-11-30 17:45:06+00:00,MBDigital001 nytimes even if I guess a country near where they are from I get ‚Äú How did you know that ‚Äù I ‚Äô m just very educated in geography religion and race Racism means that you believe that one race is superior or that people from a certain race all have the same characteristics The https //t.co/5kvtJxqBsm
0,1598004054726447104,2022-11-30 17:20:30+00:00,"adamcarolla Adam remember we lost 660,000 people from California who left during Newsoms crazy lockdowns Those were conservatives independents and sane democrats The ones left are the crazy moms who would n't let their kids play in the backyards and other adoring fans of Gavin"
0,1598001484888961026,2022-11-30 17:10:18+00:00,VoteMarsha Without immigrants we ‚Äô d have no one to grow and pick and prepare our food All the jobs Americans are not willing to do still have to be done by someone So do you want to raise the minimum wage so Americans will do those jobs or do you want to fix immigration
0,1598000794434838528,2022-11-30 17:07:33+00:00,LorneThomas3 CaseykinNC thevivafrei elonmusk When I try to picture which group of people in America would spread antisemitic lies about Jews burn books they don ‚Äô t like in the public square act aggressively and hateful with immigrants fly swastika flags at rallies I ‚Äô m happy to say I ‚Äô m not in that group
0,1597994437933604864,2022-11-30 16:42:17+00:00,in the same way babies started speaking like british people from peppa pig i now speak like a 45 year old woman from delta work
0,1597989815076560896,2022-11-30 16:23:55+00:00,PrincessCyn7 Couldn ‚Äô t say that country ‚Äô s full name because last time I did I had people from there in my mentions all day üò¨
0,1597989486851301377,2022-11-30 16:22:37+00:00,epark1016 No data personal experience So where do you think cares the most We have the most immigrants out here especially Latinos and Iranians
0,1597985799269556224,2022-11-30 16:07:58+00:00,Wow Please vote Send him back to Texas https //t.co/Jw1A0uFQdT
0,1597984592505765888,2022-11-30 16:03:10+00:00,DonaldRinaldi5 Tange14764308 ElRealColonel kittenhawk1 JamesBradleyCA Are you serious I did n't deny anything I 'm just countering the fact that your being one sided I just listed 3 things that 3 different people from your cult party committed and you did n't denounce them for it Instead you just deflected to `` your always picking on trump `` Wahh
0,1597983831788638208,2022-11-30 16:00:09+00:00,TwindaddyJosh epark1016 I think Los Angeles is actually far bigger into the game than most places in America cause all the immigrants but you ‚Äô re right many are Mexico fans I do think people are getting behind the us more than when I was a kid though I just won ‚Äô t join this time around
0,1597983164265566210,2022-11-30 15:57:30+00:00,BeyondGod_book alizawerner Before you assume that your ‚Äú secular Christmas ‚Äù is actually not a religious holiday talk to some people from other religions Talk to the kid who hears ‚Äú everyone has a tree ‚Äù and then goes home to no tree because it ‚Äô s a Christian holiday
0,1597982554090786816,2022-11-30 15:55:04+00:00,Can moonpay just give me their entire marketing budget next year and save a lot of people from disappointment ü§´
0,1597976043062599680,2022-11-30 15:29:12+00:00,Blackgrlbrowney Thinkingaboutp1 247leavemealone All you did is show the side effect of immigration on interracial marriage in America Before the 70 white men/black woman was the biggest group now it ‚Äô s the lowest simply bc of immigration and white men picking immigrants over black women https //t.co/vq5Dt6Ugz4
0,1597975755505692673,2022-11-30 15:28:03+00:00,That bull represents me separate myself from my people from voting Democrat yep that 's a pretty good analogy https //t.co/r4UOvCRbny
0,1597974671798185984,2022-11-30 15:23:45+00:00,Even though the viruses they 've found are not viral to humans and there 's no proof non-human viruses become viral to humans without human manipulation these headlines abound The empires in power design viruses amp have used population control to eradicate my people from our https //t.co/xJj5jG05uk
0,1597973836833886208,2022-11-30 15:20:26+00:00,rach_speaks CitiBikeNYC TransAlt Community meetings are also for people who live in the community not members of a lobbying organization that sends in people from outside the community
0,1597972037544607750,2022-11-30 15:13:17+00:00,yurhcklbry HeavenScent88 Hey Greg that 's a very interesting observation Is Biden Hitler He may be worse than Hitler with his personally designed covid virus Illegal immigrants flooding our Country with drugs pedophilia and God knows what else The Jews had a better chance of living than Americansüá∫üá∏
0,1597969601660616704,2022-11-30 15:03:36+00:00,If it looks like a Nazi and smells like a Nazi and talks like a Nazi and lies like a Nazi it 's probably a Nazi go f yourself MTG I thought you were going to fix the Border problem with Laura go spread your twats toward Mexico and stop the immigrants https //t.co/0ePoQYpupJ
0,1597967908256501760,2022-11-30 14:56:52+00:00,On my way to LRA_LitResearch at Phoenix with Laura Carter-Stone Come join me in my session this morning talking about Sojourners Immigrants and ELs .. Multilingual Learner ‚Äô s Identity Navigations vupeabody https //t.co/6hTit3RMnG
0,1597962144175521793,2022-11-30 14:33:58+00:00,Now all yall people from my ig need to follow my SFW page TheKiaraRyder_
0,1597962133567725568,2022-11-30 14:33:56+00:00,We used an experiment and found that 1 exposure to anti-Asian racism news increased negative attitudes toward Asians and immigrants 2 news about South Korea decreased opposition to immigration 3 Trump support moderated some of these effects
0,1597960880939208710,2022-11-30 14:28:57+00:00,Desantis should been focusing on things like this instead of locking up old people who believe that they could vote Or instead of shipping people from Texas he should have spent that money on protecting children DAM SHAME He or trump should not be allowed to run for any office https //t.co/gg4v2jp4WK
0,1597960004467769346,2022-11-30 14:25:28+00:00,So came across a narrative history of Van Buren county published ~1912 and a couple snippets about indigenous people from the white author ‚Äô s perspective I found very interesting https //t.co/W2PtTVrPwM
0,1597959424836263940,2022-11-30 14:23:10+00:00,Sometimes boundaries between you and a person are not enough after seeing who they are At times you have to be indifferent towards people amp act like they do n't exist Especially with people you tried dating I guess that 's the same as saying remove people from your life
0,1597957710678396928,2022-11-30 14:16:21+00:00,The structural adjustment program SAP launched by WB and IMF in 1980s led to influx of people from rural to urban area Assumption was that increasing economic opportunities people coming to city from village would lead upward social mobility and solve the problem ....
0,1597954065916637185,2022-11-30 14:01:52+00:00,This is a great thread for ‚Äò people from outside the US discovering how terrible the US is for workers ‚Äô https //t.co/WBHujqDrBx
0,1597952510047944706,2022-11-30 13:55:41+00:00,Yet somehow have no misgivings whatsoever about the guy who called your wife ugly and has had 11‚Ä¶ELEVEN people from his admin or orbit indicted for actual crimes‚Ä¶seems legit https //t.co/CEbP1epb4E
0,1597952014604201984,2022-11-30 13:53:43+00:00,GregAbbott_TX We don ‚Äô t protect our border with Canada or our other coasts We should welcome good people from the Mexican border
0,1597951880579403778,2022-11-30 13:53:11+00:00,New York City officials plan to remove mentally ill people from streets and subways Here ‚Äô s a quick look at how other cities and countries approach the issue of support for homeless people https //t.co/YJLKVqRMep
0,1597949621099036673,2022-11-30 13:44:12+00:00,StephenM Is everything you do in bad faith Undocumented immigrants aren ‚Äô t eligible for the public benefits you outline‚Äîeven though the majority pay income tax Social Security etc They pay INTO our economy while doing vital work You could try that last part
0,1597945984088432642,2022-11-30 13:29:45+00:00,rwgiguere Thank you wish I did n't have to say it but these punks need to realize America was built by people from around the world His attack on minorities is an attack on our men and women that died serving our country during World War II and every other War since
0,1597944941258608640,2022-11-30 13:25:37+00:00,washingtonpost CDC and Biden spread disinformation for two years claiming vaccines stopped people from getting COVID it DOES NOT They said it prevents spread it DOES NOT They said it prevents serious illness it DOES NOT The true facts were labeled disinformation by Twitter them
0,1597943741293400068,2022-11-30 13:20:50+00:00,Funny how Rom 13:1 is used against immigrants but ignored in the case of whether `` gay '' marriage is legit For the record it 's just marriage their certificates read the same as ours and it 's awesome
0,1597933666122215424,2022-11-30 12:40:48+00:00,They need to delivering immigrants back to the border and /or delivering solar panels and/wind mills to the longest and largest standing/sitting investors .... The residential addresses demand On a deregulated regular lie told in 1995 so nobody gets https //t.co/4bJ5n2YiJM
0,1597930006885601280,2022-11-30 12:26:16+00:00,BoSnerdley Twitter stopped people from following Republicans and used bots to make it look like democrats had hundreds of thousands of more followers than they actually had POTUS tweeted and only had 3k likes in a 9 hour period This was nothing but a coup supported by Twitter https //t.co/TC5GIP3lsw
0,1597929833455300608,2022-11-30 12:25:35+00:00,jocoxauthor Fantasy and romance crosses THE RIVER OF SOULS as two people from different worlds search for love after endless war From award-winning IndieAuthor Mark Piggott with poetry by ashleyabstract from CuriousCorvidP a 2022 IndieBookAwards nominee https //t.co/MdIVLLzYw0 https //t.co/BXGXWuNhiY
0,1597928906085978112,2022-11-30 12:21:53+00:00,GailSimone I worked with RockTheVote back i 1992 to push for the Motor Voter law and repeal restrictive practices that prevented young people from participating in elections For a fair democracy access to all for their right and responsibility to vote takes priority https //t.co/KKXUBFgyAt
0,1597928556969197569,2022-11-30 12:20:30+00:00,Black immigrants ruined it for us and it ‚Äô s snowballing and getting worse and they just getting rich selling us slave descendants hope DJ AK Drake 21 savage etc are taking away all that slave descendent blacks of America have worked for ..
0,1597928550627430400,2022-11-30 12:20:29+00:00,Black immigrants are not the same as us American born blacks‚Ä¶a small reason why us American born blacks will never receive reparations It ‚Äô s too cloudy for ex like who ‚Äô s really from who/where .. then the black immigrant will try to marry a slave descendant offspring to qualify
0,1597926951179517952,2022-11-30 12:14:07+00:00,Led by A Senegalese African Seydi Sarr Based in Detroit ABISA is an institution to support African Immigrants in Detroit and Metro Detroit Especially French speaking And Muslim African Immigrants Cc nyar_kasagam nyarkasagam https //t.co/Im9psgHsrI
0,1597925938225827840,2022-11-30 12:10:06+00:00,stephanietara Add these books to your Christmas TBR THE LAST MAGUS is a steampunk fantasy of one man 's journey to redeem a forgotten past THE RIVER OF SOULS is a novella with poetry as two people from different worlds find love amid endless war booktwitter https //t.co/s5scwuikv3 https //t.co/c5mK7KnHdz
0,1597925085662547969,2022-11-30 12:06:43+00:00,once you sign up finding people from twitter is another challenge this site makes it super easy you just login on both places and it shows you who is already there and you can follow directly from this site no importing like other sites make you do https //t.co/1XAHCwia16
0,1597918071054045186,2022-11-30 11:38:50+00:00,The people from LetPaDaung area Salingyi Twp Sagaing regularly joined demonstration of 521-day to overthrow the MilitaryDictatorship on Nov30 PTT_StopSupportingSAC 2022Nov30Coup WhatsHappeningInMyanmar https //t.co/afQXjmQGlc
0,1597914425645637632,2022-11-30 11:24:21+00:00,BrendonLeslie Why are people from the left such Hypocrites
0,1597908710973927426,2022-11-30 11:01:39+00:00,like that time i removed a bunch of people from the gc and went about my business https //t.co/mcAz0dy1VP
0,1597906518850310145,2022-11-30 10:52:56+00:00,We are on a cruise ship entering San Juan crossing from Spain Today we must empty the passengers and all crew for ‚Äú Face to Face ‚Äù inspection by U S customs review of passports While today on our southern border hundreds of illegal immigrants invade our countryüëÆüëπüôèüôèüá∫üá∏üá∫üá∏
0,1597903118372831233,2022-11-30 10:39:25+00:00,lindyli So what Republican would you support for President that would be a return to normal If you do n't have an answer YOU are the problem We should all be able to name people from both parties that we would be okay to have as President
0,1597898100500140032,2022-11-30 10:19:29+00:00,You know what I 'm gon na question this Why are people from clans following me Like I am not that great at games but I 'm ok at them
0,1597881304585887744,2022-11-30 09:12:44+00:00,Reparations for what I never owned slaves No one in my family owned slaves All of my family are descendants of immigrants and native Americans https //t.co/RAc8Eqc6CL
0,1597872634670514176,2022-11-30 08:38:17+00:00,HManspreader McFaul Pointless sarcasm We obviously should get ukranians in as well and have proper vetting process for Russian immigrants
0,1597870048647213056,2022-11-30 08:28:01+00:00,Jim_Jordan You blame that bs on dems Whatever laws you abide by‚Ä¶ Like France is protesting with orange paint‚Ä¶ and China is rioting and you still sit back and count money in your sleep Pitiful paying immigrants stimulus checks Etc I have yet to receive 1 And I was born disabled https //t.co/a6h6ARQyr9
0,1597844042095947778,2022-11-30 06:44:40+00:00,ImSkyKid I know it 's trivial but it seems like all the popular people from twitter SW fandom have already soaked up tons of followers and are dominating engagement while everyone else gets virtually no replies to their posts or anything
0,1597833225874722817,2022-11-30 06:01:42+00:00,The lame media is focusing on Elon to distract people from the real criminal who is stealing from us taxpayers and laundered it to Ukraine BidenDestroysAmerica BidenWorstPresidentEver BidenCrimeFamilly BidenWorstPresidentInHistory https //t.co/dxnQnqXF6l
0,1597828992622800896,2022-11-30 05:44:52+00:00,Honestly I love being a part of the Community Builders programme and getting to meet people from all over the world with a shared passion üß°
0,1597825392391643136,2022-11-30 05:30:34+00:00,brandonLHollow1 Potomacbeat joseelives1 Why Because he will have gotten an education he will learn the truth all the things conservatives want to keep people from
0,1597823406254469122,2022-11-30 05:22:40+00:00,Chris18524109 vaughn_ormseth StephenM https //t.co/2N4prC8CbA
0,1597823319247826944,2022-11-30 05:22:20+00:00,WebP0rtal Scottie_Ice StephenM https //t.co/2N4prC8CbA
0,1597823165773684739,2022-11-30 05:21:43+00:00,cttw49 MatCarlo StephenM https //t.co/2N4prBQsXs
0,1597823006578860032,2022-11-30 05:21:05+00:00,cttw49 MatCarlo StephenM https //t.co/u4O1lO8nfA
0,1597818530296389632,2022-11-30 05:03:18+00:00,üòÇ I have a bit about this Did it in front of old black people from my church https //t.co/ZVWtIpvM4N
0,1597807903703855104,2022-11-30 04:21:04+00:00,I 've met people from the first 5 letters of the rainbow and they 're all solid folks After 5 tho i have no idea what 's going on ...
0,1597806892742578176,2022-11-30 04:17:03+00:00,Need more people from flawada like where y ‚Äô all at
0,1597803616429301760,2022-11-30 04:04:02+00:00,That 's my Girl we people from Jersey City will never lay down https //t.co/GakhBzb12J
0,1597801584746188800,2022-11-30 03:55:58+00:00,i wonder if LMFAO knows that Party Rock Anthem keeps some people from cutting themselves
0,1597801539384799232,2022-11-30 03:55:47+00:00,I played about an hour of Doom 93 in browser at work today Having employees stop remote work will not stop people from fucking off Only better pay might stickingittotheman
0,1597798607172046849,2022-11-30 03:44:08+00:00,GOPLeader https //t.co/VU71G8dKF2
0,1597798294423339010,2022-11-30 03:42:53+00:00,jefposk My older sister sent me and my younger sister a pic of the pier in our hometown lit up for Christmas and I removed the people from the pier so it looks better and sent it back and my little sister said that 's just like you getting rid of the people I bring cheer everywhere https //t.co/nybO2u9anj
0,1597798256704385024,2022-11-30 03:42:44+00:00,GOPLeader https //t.co/AF52tUOSVg
0,1597797941875392512,2022-11-30 03:41:29+00:00,CalltoActivism yes and all the democrats that did election cheating blm rioters projectmockingbird the bankers zionists the illegal immigrants ... did I miss anything
0,1597796425957797888,2022-11-30 03:35:28+00:00,BeschlossDC hotsnot2030 There is zero room for hate in this country We are a nation of immigrants that have come from everywhere
0,1597796152547725317,2022-11-30 03:34:23+00:00,RpsAgainstTrump People from shallow gene pools https //t.co/yBDNVfkEEg
0,1597794949205934080,2022-11-30 03:29:36+00:00,marklevinshow patriotmom2911 Trump has no chance of receiving any justice in DC The people from DC are brainwashed to hate him and they will rule against him just because of his name You ca n't trust the judges or the jury are all in with the Democrats
0,1597793848142761987,2022-11-30 03:25:13+00:00,The wind chill might have been 32¬∞ but that didn ‚Äô t stop people from donating to the KVALnews Take a Bite Out of Hunger Food Drive in Corvallis ü•´üíµ LIVEonKVAL ORwx https //t.co/THtclKbhIB
0,1597790046077489152,2022-11-30 03:10:07+00:00,girdley Recent grads are brainwashed in woke ideologies addicted to smartphones and have little to no real world experience gim me Alfred pennyworth instead Or at least an MBA grad or a parent or the oldest sibling of first generation immigrants
0,1597787165345611777,2022-11-30 02:58:40+00:00,MrCmonNow Man I ‚Äô m out the loop I ‚Äô m damn near about to drop out this wedding Last week guest list was at 190 Today they talking about 230 At this point I think they just adding random people from social media
0,1597785838179745792,2022-11-30 02:53:23+00:00,LiveIdiotFree ACTBrigitte She seems to hate people from other countries üôÑ Hypocriteal much ..
0,1597782438733676544,2022-11-30 02:39:53+00:00,I just GAVE GOOD to International Council for Refugees and Immigrants ICRI SHARE Omaha makes finding and supporting local nonprofits easy and fun https //t.co/4Re528nGYD
0,1597780505323503617,2022-11-30 02:32:12+00:00,My grandparents were immigrants from Ukraine Russian Jews amp like now were experiencing awful anti-Semitisim So as teenagers they left at the turn of the LAST century put on a boat by their parents And here I am retired RN grandma of 2‚ù§Ô∏è in Texas Stay well my friend https //t.co/J9ff3diyxI
0,1597780271428145152,2022-11-30 02:31:16+00:00,MCTW5 LauraLitvan Or for Biden ‚Äô s illegal immigrants
0,1597777105529421824,2022-11-30 02:18:41+00:00,ZapWub You sound no different from the people who say ‚Äú Jews and immigrants are greedy and evil let ‚Äô s burn all the books that don ‚Äô t support our thinking ‚Äù
0,1597776818878435328,2022-11-30 02:17:33+00:00,EricRWeinstein The WHO just changed the name of monkey pox to mpox to avoid the stigma and discrimination that may keep people from seeking treatment Who knows how many people avoided covid vaccination for similar plus other misinformation found here With Trump having had a negative affect
0,1597775154326564866,2022-11-30 02:10:56+00:00,A nation of immigrants https //t.co/XliY5Sh3xy
0,1597774916178575360,2022-11-30 02:09:59+00:00,imma say less and just watch people from now on
0,1597774886889750528,2022-11-30 02:09:52+00:00,people from texas in texas posting `` iykyk '' on a picture of whataburger ... ü•≤
0,1597774007407095808,2022-11-30 02:06:23+00:00,leezeldin CSomerton NY has always been the most corrupt in USA Tammany Hall was one incident in our never ending unholy origins We have immigrants who come here to take not work We ‚Äô re screwed this time no Rudy in sight
0,1597772720472985600,2022-11-30 02:01:16+00:00,catturd2 esoryelsnya You 're not dumb enough to help seniors live better Working families live better Help young people from poor families get a chance to go to college I truly do n't understand your logic here
0,1597772608975835136,2022-11-30 02:00:49+00:00,tinyexcalibur Do n't loke drag queen story hour Do n't go to it If you do n't want your children exposed to it do n't take them At least you 're honest enough to admit you want to ban people from an entire state instead of pussyfooting around like LPNH with their word games Still wrong though
0,1597772555414163456,2022-11-30 02:00:37+00:00,VP No don ‚Äô t intimidate people from being themselves because they may have found happiness in that space
0,1597769971504803840,2022-11-30 01:50:20+00:00,RACIST REPUBLICANS say Immigrants are part of an ‚Äú invasion ‚Äù ‚ÄîThe truth is that EUROPEAN ‚Äú INVADERS ‚Äù Brought SLAVERY to the Americas After STEALING millions of Africans from Africa EUROPEAN ‚Äú INVADERS ‚Äù STOLE THE LANDS OF INDIGENOUS PEOPLES‚ÄîEUROPEAN WHITES ARE THE REAL INVADERS
0,1597769674447818752,2022-11-30 01:49:10+00:00,Segregation sets aside the worst black people and people from other races who are like them Papa John ‚Äô s is right
0,1597768309726138368,2022-11-30 01:43:44+00:00,SarcasmStardust meggiemu408 FiorellaIsabelM I feel like so many people from Indiana including me are shaken up amp scared because violent crime like that just doesn ‚Äô t happen in cities like Delphi When I ‚Äô d visit home in grad school I drove through Delphi It ‚Äô s podunk So we ‚Äô re all thinking ‚Äú What the FUCK ‚Äù
0,1597762693729247233,2022-11-30 01:21:25+00:00,WorkSucksYaKnow ohbjuan laurenboebert Alyssa_Milano elonmusk Now you see you have no true basis for your accusation Just a preconceived opinion of people from Arkansas with no basis of facts whatsoever But you continue to use those slurs To bolster your self conceived importance Which makes you unreliable and a gossip
0,1597761607572287489,2022-11-30 01:17:06+00:00,17u_black UOrangemen ü§îThis is when you are able to separate the adult minded people from the child persona people .... who just never grew up üòÇFly high Peter Pan Fly High üòâ
0,1597761604011331584,2022-11-30 01:17:06+00:00,Protest Apple send them back to China it ‚Äô s owned by china now and dose as China tells them to A trillion dollar company that censors what China doesn ‚Äô t like Twitter is there next target to censor with With removing there platform Google also is Chinese run tracking everything
0,1597761569420894210,2022-11-30 01:16:57+00:00,thatcleverbish GA_LiveTweets senatorshoshana Now if it 's a government owned operated site or account you 're in an entirely different legal ballpark In fact several government actors have been held liable for so much as blocking people from commenting on their posts or even following them on social media
0,1597761232160796672,2022-11-30 01:15:37+00:00,DCBMEP We are stopping people from buying privilege at our expense
0,1597759935202615297,2022-11-30 01:10:28+00:00,TB_Times Good Millions spent on harassing out of state immigrants for pure political cruelty Imagine if that money had gone to hurricane relief and helped Floridians
0,1597757043720720384,2022-11-30 00:58:58+00:00,GOP ü§£ü§£ü§£ü§£ü§£ü§£ü§£ü§£ü§£ü§£ü§£ü§£ Oh snap It 's immigrants again Did we miss the caravan of ISIS troops sneaking into the United States with the immigrants Are they bringing Covid too üçøüçøüçøüçøüçøWaiting for the clown show ü§°ü§°ü§°ü§°ü§°ü§°ü§°ü§°ü§°ü§°ü§°ü§°ü§°ü§°ü§°ü§°
0,1597755961262821376,2022-11-30 00:54:40+00:00,janisk57 DRM81160283 LandOLox malloyrrtcpap You do understand they fixed those voting machines right Plus the printer ink was n't dark enough that does n't stop people from voting you derpüòÇü§¶üèº https //t.co/pSay0b6bI2
0,1597754647149936641,2022-11-30 00:49:27+00:00,Ok so funny story I heard at work I work at the airport and we process immigrants that arrive internationally There was one woman who arrived and had a K1 Visa 90 day fiance visa One of the people processing her convinced her to mot marry the guy she came and who was the
0,1597754545513582592,2022-11-30 00:49:03+00:00,SouthernInterl1 HowardA_AtLaw How many people from BLM were shot by an AR-15 type weapon remind us all
0,1597754047389310977,2022-11-30 00:47:04+00:00,POTUS Good work DIAPER JOE YOU CREATED A CRISIS AT OUR BORDER STOP THE INVASION OF AMERICA Texas DPS intercepts human smuggling attempt discover 18 illegal immigrants in truck tractor https //t.co/ltzAPoHPQc WhiteHouse JoeBiden
0,1597753621478678528,2022-11-30 00:45:22+00:00,We are a church of people from many generations and walks of life If you are looking for purpose in life connect with us and we will set up a time to look at scripture together We believe there is always HOPE when your vision for life is clear and centered on Jesus Christ https //t.co/TPj2Sxt0mK
0,1597752269805867008,2022-11-30 00:40:00+00:00,Georgia when voting remember Republicans hate ... ... women ... people of color ... immigrants ... LGBTQ people ... Non-Christians Vote for SenatorWarnock because he respects everyone and will fight for you
0,1597750949623521282,2022-11-30 00:34:45+00:00,Pk135j JennaEllisEsq HHSGov Not a weird deflection by any means My point was that everyone puts their emphasis on illegal immigrants doing the trafficking as if it isn ‚Äô t being done by anyone else
0,1597748491014397952,2022-11-30 00:24:59+00:00,AmericanIndian8 The first immigrants where the pilgrims
0,1597746563681779712,2022-11-30 00:17:20+00:00,As a recovering people pleaser making my own decisions about flowers and food and including/excluding people from the guest list this is exactly how I feel rn https //t.co/AKTERJ5yuU
0,1597745646098087936,2022-11-30 00:13:41+00:00,As a leading human rights organizations NIJC has provides direct services to 10k+ immigrants annually and advocates for a humane immigration system Please consider supporting NIJC on GivingTuesday in their life-changing and life-saving work https //t.co/2pBseWyyHq
0,1597740593199079426,2022-11-29 23:53:36+00:00,Would you go to a party with only people from your zodiac sign there
0,1597738694081142786,2022-11-29 23:46:03+00:00,Areaindividual1 GregAbbott_TX It ‚Äô s the truth I don ‚Äô t see any white asses bent over picking crops or roofing a house If we didn ‚Äô t have immigrants to pick our crops we ‚Äô d starve Not slaves pay them well
0,1597737742884278272,2022-11-29 23:42:17+00:00,Wish I could erase certain people from my memory
0,1597735716016250880,2022-11-29 23:34:13+00:00,KURealist Mark5thEstate BigGameBoomer And people from Missouri
0,1597735339380027392,2022-11-29 23:32:44+00:00,ufionbd Jneigha quediosbendiga0 BamButler1322 HzaKiid big_business_ As someone who comes from poverty amp has pulled myself out shaming someone for being a bartender is INSANE I especially while claiming to be the child of immigrants doubtful
0,1597733321454555137,2022-11-29 23:24:42+00:00,I ‚Äô m reading NeuroTribes by stevesilberman I loved chapter 1 I love learning about ‚Äú probably autistic ‚Äù people from the past Ch 2 has been hard These parents are torturing their son All the pseudoscience BS‚Ä¶ but also ABA is abuse
0,1597732758465687552,2022-11-29 23:22:28+00:00,I ‚Äô m thinking of doing some stuff with people from work bar hopping and maybe some tacos/food and then having people over at my place after for my birthday on the 15th if anyone wants to join Also bowling possibly at some point Would anyone be interested in joining for any
0,1597726815271137282,2022-11-29 22:58:51+00:00,BlackStallionJ9 corevaluesdoh Corvus_corone99 I_Love_Costco RealJamesWoods Nobody wants to do the work that the immigrants does GQP love them being illegal for cheap slave labor Because they know once have no cheap labor pool than they have to pay Reality
0,1597718522565906433,2022-11-29 22:25:54+00:00,josesatx_ https //t.co/aAgOCiKwqH
0,1597718322132701184,2022-11-29 22:25:06+00:00,Storm4Congress PTGChrisWr He 's and expert in talking shit and blocking people from responding back
0,1597717935770198016,2022-11-29 22:23:34+00:00,corevaluesdoh Corvus_corone99 I_Love_Costco BlackStallionJ9 RealJamesWoods üòÇü§£üòÇ wouldn ‚Äô t you love to live the life i live and not worry about immigrants taking your job Hollering about immigrants who tf you are in this country
0,1597716741718614016,2022-11-29 22:18:50+00:00,It ‚Äô s high time that Congress creates a legislative fix for DACA The CityofSanDiego and mayortoddgloria stand in solidarity with Dreamers and we vow to continue supporting all immigrants living in our cities and counties TimeisNow SDWelcomes ü¶ã https //t.co/o4tTpjvSXp
0,1597714299140861952,2022-11-29 22:09:07+00:00,JeffRedTexas GregAbbott_TX I know the process is arduous for these people seeking asylum Both political parties need to come to a consensus on how to fix it We need immigrants Look at Florida guess who ‚Äô s being bussed in for the cleanup
0,1597712872834224128,2022-11-29 22:03:27+00:00,With this fortitude what nation can be built up by immigrants like these 11 days on a rudder or some other sequence of events I have so many questions‚Ä¶ resilience unbroken canaryislands nigeria opportunity immigration geographiclottery blessings stowaways https //t.co/tPOgJI0Ar9
0,1597712272146984960,2022-11-29 22:01:04+00:00,JohnnyBucklin SegaMegaWade mrhurtalot hasanthehun johnhawkinsrwn We do n't He 's said racist shit about undocumented immigrants We were just talking about it Then there was that whole `` bing-bong '' shit he did when talking about Korea
0,1597711603491033089,2022-11-29 21:58:24+00:00,JuanSaaa allenorresq ReverendWarnock You did n't mention anything regarding any issues against black Americans the lowest paid but the most educated women but the most disrespected We have helped amp supported immigrants legal amp illegal with no support from the brown coalition Support us amp we will support you
0,1597711561149513728,2022-11-29 21:58:14+00:00,This GivingTuesday2022 I 'm joining immcouncil as they work to strengthen America by positively shaping how we think about and act toward immigrants and refugees Join me and make a gift today https //t.co/VJtcp0vtBA https //t.co/RtzuCLj0GI
0,1597710569838022656,2022-11-29 21:54:18+00:00,JohnnyBucklin SegaMegaWade mrhurtalot hasanthehun johnhawkinsrwn How am I supposed to interpret him banning black people from his apartments
0,1597709960527216640,2022-11-29 21:51:53+00:00,JohnnyBucklin SegaMegaWade mrhurtalot hasanthehun johnhawkinsrwn I was thinking more of when he barred black people from renting his apartments
0,1597706445809602560,2022-11-29 21:37:55+00:00,ThatEricAlper What you call people from Indiana
0,1597705184444297216,2022-11-29 21:32:54+00:00,majen3683 sully7777 I spoke with people from Wynne and also people that watched the meeting Coach P did nothing more wrong than any teacher or administrator at Wynne School District Superintendent never liked Coach P so he made something up to get rid of him
0,1597703192363827200,2022-11-29 21:24:59+00:00,Oh I can stop people from raping her if I have a gun and she stays with at all times And then the system collapses he ca n't be insulated from the people
0,1597700255793156096,2022-11-29 21:13:19+00:00,GOP Illegal immigrants could not get stimulus checks because they don ‚Äô t have Social Security numbers so this is a fucking lie
0,1597695903087099904,2022-11-29 20:56:01+00:00,askari_shakur got_cake DOmowale That ‚Äô s should read blaming FBA for crime committed by immigrants ‚Äù
0,1597695600056995841,2022-11-29 20:54:49+00:00,EmiStellarManx This Pretend√≠an claimed to be in Our friend who was from this tribe grew up with all the people from this tribe and they made them feel like their opinion did not matter This is what Indigenous erasure looks like
0,1597695435342508034,2022-11-29 20:54:10+00:00,They tryna separate people from the left n right don ‚Äô t fall for that shit bra ong
0,1597695203292631040,2022-11-29 20:53:14+00:00,askari_shakur got_cake DOmowale Do black immigrants commit crime Of course they do Also most black immigrant live in large numbers in about 10 or so big city metro areas So outside of those areas it ‚Äô s a fantasy to think people are blaming FBA for crimes committed by FBA
0,1597693724452360193,2022-11-29 20:47:22+00:00,askari_shakur got_cake DOmowale Bruh it ‚Äô s hood that you took ownership I respect that But let ‚Äô s be real there are 40 million so called FBA and 4 million black immigrants Therefore common sense and basic statistics says that MOST crime committed by a black face will be by FBA
0,1597692932462563328,2022-11-29 20:44:13+00:00,In THE USA I wiLL FighT bacK against Xenophobic BLACKs Anywhere they show up I wiLL fight I wiLL be here to CLAP BacK And I will build institutions to protect African IMMIGRANTS From Nigga shit
0,1597692674282205184,2022-11-29 20:43:11+00:00,In the USA I will Build political Power for African Immigrants Distinct from the BLACKS
0,1597692344622788608,2022-11-29 20:41:53+00:00,In the USA African Immigrants are suffering under the same struggle of Racism As The BLACKs And in addition We face Xenophobia from the very BLACKs Who ought be Kin
0,1597692096911396864,2022-11-29 20:40:54+00:00,In the USA African Immigrants Come as young people Even younger than 20 years And we may stay here for the rest of our lives
0,1597691894917521408,2022-11-29 20:40:06+00:00,In the USA The African Immigrant must build an independent political front From African Americans Who are not equipped capable or interested in Standing for the rights of us African immigrants Who are fully African 24.7 365
0,1597691538716254208,2022-11-29 20:38:41+00:00,Proof positive that many of the sons and daughters of immigrants are more American than most born here üòé https //t.co/zkYbNnhEn1
0,1597691432336510976,2022-11-29 20:38:15+00:00,mikemckellutah arionthompson82 AndrewYang Fwd_Party FWDUtah There are people from all over the political quadrant joining us no one would ask that you stop being conservative Our goal is to bring people together that want solutions and to solve long standing problems Either way we appreciate your voice in Utah
0,1597691187779219457,2022-11-29 20:37:17+00:00,The most important summary is This I am coming to Understand That in the diaspora We African immigrants Are naTionLess We exist in a political Nowhere With NoBody Watching our bacK PoLiticaLLy the African immigrant diaspora must Construct a New Identity
0,1597690738262757376,2022-11-29 20:35:30+00:00,BrennanHarvey Add these awardwinning books to your Christmas TBR THE LAST MAGUS is a steampunk fantasy of one man 's journey to redeem a forgotten past THE RIVER OF SOULS is a novella with poetry as two people from different worlds find love amid endless war https //t.co/s5scwuikv3 https //t.co/6fDdCJz15C
0,1597690361224183808,2022-11-29 20:34:00+00:00,AprilNarducci Fantasy and romance crosses THE RIVER OF SOULS as two people from different worlds search for love after endless war 2022 Firebird bookaward winner From award-winning IndieAuthor Mark Piggott with poetry by ashleyabstract from CuriousCorvidP https //t.co/MdIVLLR1y0 https //t.co/Ji3wdn3UUQ
0,1597690203418005505,2022-11-29 20:33:22+00:00,SenateGOP Should we insert ourselves in the affairs of South American/Central American countries to understand why people are fleeing to the US Have we done anything with Mexico to help the deal with the influx of immigrants crossing their borders which would lessen the strain on ours
0,1597686166060699649,2022-11-29 20:17:20+00:00,The Constitution exists to protect We The People from the government Our forefathers knew it would happen Our government is out of order Tyranny
0,1597686047416061952,2022-11-29 20:16:51+00:00,Hodler78 Definitely I just remember allow people from different projects I was involved in to borrow eth And it ‚Äô s not like it broke me or anything but I definitely ain ‚Äô t seen any of it back ü§£
0,1597685975425363970,2022-11-29 20:16:34+00:00,JeffRedTexas GregAbbott_TX I thought Abbott had secured the border If not why all the national guard amp busing not illegal but immigrants seeking asylum out of the state You ‚Äô ve been Short changed somewhere
0,1597682822528966656,2022-11-29 20:04:03+00:00,Like every new software basically is available what stops people from getting them is combo 1 They on Mac cause creatives believe a 90s scam that ‚Äô s better or they like iMessage mac plugs exist tho 2 Torrents annoying and illegal unless you in know 3 Websites slow amp sketchy
0,1597680248451366912,2022-11-29 19:53:49+00:00,I ‚Äô m not sure this was ever in question but it is really clear that people from the United States are a lot faster than people from Iran
0,1597679782027997184,2022-11-29 19:51:58+00:00,I ‚Äô m only not friends with like 3 people from my high school South was lit
0,1597679736104579072,2022-11-29 19:51:47+00:00,joncoopertweets Paultx890 What a gem Hey Marge it protects people from smelling your breath fresh from kissing Trumps orange butt
0,1597679357899997184,2022-11-29 19:50:17+00:00,Cernovich I 'm sure outspending the next 20 competitors combined on our military which they can only account for 1/3 of btw has nothing to do with it We definitely pay more than enough to be governed to cover the best medical in the world Stop blaming immigrants
0,1597675265957629952,2022-11-29 19:34:01+00:00,It ‚Äô s still pretty incredible to have done so many of these interviews I got to talk with brilliant people from across tech I was revisiting this a little bit and I ‚Äô m proud of what I was able to accomplish https //t.co/izZ6reoFAe
0,1597674961753120768,2022-11-29 19:32:48+00:00,devgru1980mi Jubilee0123 https //t.co/kMiWa9Lx5J as if the racism situation was n't enough to get Jan removed they kept him on inspite of protests just for him to get '' To Catch a Predator'ed '' just a year later.and when you bring it up people from mufon attack you as if your the problem and not them
0,1597674519808053248,2022-11-29 19:31:03+00:00,Literally got people from around the country traveling to CLEVELAND OHIO for a salad and she can ‚Äô t get nothing Bye https //t.co/KHZTgZ18oG
0,1597673724370882561,2022-11-29 19:27:53+00:00,Rumors can make you dislike innocent people Don ‚Äô t judge people from what others are saying about them Be wise and get to know them for yourself The ones talking bad about them may be the ones you need to stay away from
0,1597673262582202369,2022-11-29 19:26:03+00:00,I like that one of our players is the son of the President of Liberia Big nation of immigrants energy
0,1597669869025398784,2022-11-29 19:12:34+00:00,America is the most diverse amp prosperous nation amp a model of `` freedom '' in the world That 's not an exaggeration Despite America 's imperfections amp historical sin it has evolved to become a home for all people from all corners of the world who can express themselves ... 2/3
0,1597669208342827008,2022-11-29 19:09:57+00:00,More than 40 million people from southeastern Texas eastward to Georgia and northward to central Indiana and Illinois are under at least a marginal threat of severe weather Tuesday according to the Storm Prediction Center Weathercloud weatheraware E29CP Preparedness READY https //t.co/DJQR9NLorm
0,1597668438859993089,2022-11-29 19:06:53+00:00,Biden defends Title 42 and continues use of for-profit detention centers hurting immigrants Biden takes action against rail workers betraying labor Biden breaks promise to ban new fracking on federal lands cheating everyone ‚ö†Ô∏è primary szn promises are cheap ‚ö†Ô∏è
0,1597664399988137985,2022-11-29 18:50:50+00:00,I must be in a blocking mood 1 Blocked someone picking on my faith amp indirectly gays 2 A so called Christian constantly beating people up with Bible scripture twisted in his opinion 2 people from opposite sides of the issues Why ca n't people love Be kind to all kind
0,1597664353989582848,2022-11-29 18:50:39+00:00,One of the best avgeek experiences out there ‚úàÔ∏è Come meet some great people from the PNW and beyond https //t.co/iGNnq5v20R
0,1597662397879418880,2022-11-29 18:42:53+00:00,I thought people from NY was supposed to be ‚Äú tough ‚Äù ü§î we be down south bitching them ü§£
0,1597661654459641856,2022-11-29 18:39:56+00:00,Majority of my clients been people from Long Island
0,1597659576224329729,2022-11-29 18:31:40+00:00,Irenepseudonym SamHeughan radarbooks Octopus_Books FaneProductions HodderBooks BNBuzz Thank you I like that Slippery amp elusive I ‚Äô m always reminded of words from the song Bittersweet Symphony ‚Äú I ‚Äô m a million different people from one day to the next. ‚Äù A small part of that is true
0,1597659245935464448,2022-11-29 18:30:21+00:00,1- ‚Äú After White nationalists provoked a violent clash in 2017 Charlottesville Virginia Trump said there were `` very fine people on both sides '' Trump decried immigrants coming to the US from `` shithole countries '' during a meeting with lawmakers in 2018 Trump has repeatedly https //t.co/x1twuIKe4u
0,1597658513555476481,2022-11-29 18:27:27+00:00,Happy to meet amazing people from all around the world RSNA2022 RSNA RSNATrainees https //t.co/G5E49nttOD
0,1597658468470575104,2022-11-29 18:27:16+00:00,Thatnavyguy23 BigRedTweeter For such a small town there ‚Äô s actually a bunch of famous people from here A President NBA player parents of pro athletes and of course the most famous of them all vogel_wlwt üòÇ
0,1597658166732677121,2022-11-29 18:26:04+00:00,breedimas Ron_Nirenberg COSAGOV RocioGuenther Proud of our diversity ... our welcoming of immigrants and respect all humans deserve Love our city 's loving accepting HEART
0,1597656591394050048,2022-11-29 18:19:49+00:00,Ferrer was but one of the Buena Vista stars who deserved an album of his own and he was given a spectacular production to surround his lived-in and supremely warm singing The Cuban immigrants in my neighborhood primed me for these beautiful rhythmically beguiling songs
0,1597655446042472449,2022-11-29 18:15:15+00:00,UNHumanRights usedgov academy_of_art think about how many ordinary people from the real world can attend classes extemporaneously and never graduate as actual students criminals too they can go to school and do evil what ever happened to ‚Äú Blockbuster ‚Äù it stolen from
0,1597655405022261248,2022-11-29 18:15:06+00:00,ellencarmichael GOP should work hard to expel all these people from the party forever
0,1597653225754460160,2022-11-29 18:06:26+00:00,therecount Sorry Marsha It ‚Äô s not immigrants It ‚Äô s meth heads cutting off catalytic converters and juveniles stealing cars that TN LEOs are dealing with
0,1597652394698977280,2022-11-29 18:03:08+00:00,FUCKEN REPUBLICAN RACISTS OF TEXAS amp LOUISIANA Argued in the Supreme Court that the Biden administration should NOT be able to ‚Äú PRIORITIZE ‚Äù which Immigrants should be deported‚ÄîThe REPUBLICAN NAZIS are hoping that the Supremes will RULE in Favor of the FUCKEN REPUBLICAN RACISTS
0,1597647941594132480,2022-11-29 17:45:26+00:00,POTUS Hellooooo moron insulin was capped already under trump remember your one stroke executive orders you scraped day one they were policies that actually worked for the American people from insulin to the border to energy independence you ruined them all your hatred knows no bounds
0,1597643273279262721,2022-11-29 17:26:53+00:00,glinert_ed üòÇüòÇüòÇ You always crack me up I grew up in a neighborhood with many Cuban immigrants so hearing Buena Vista was like coming home And I love Frank ‚Äô s Wild Years and Bone Machine‚Ä¶don ‚Äô t recollect this one all that well I ‚Äô ll see how it hits
0,1597642129979101185,2022-11-29 17:22:21+00:00,SenateGOP Well according to the latest census data we don ‚Äô t have enough people to work in this country so we need immigrants
0,1597641622962913283,2022-11-29 17:20:20+00:00,Just want to say thank you to congressman ericswalwell who has an amazing office and staff that helps immigrants like me Since 2018 Swalwell ‚Äô s office has been nothing but supportive üá∫üá∏üáßüá∑üôèüèº Thank you
0,1597641319161028610,2022-11-29 17:19:07+00:00,Why do people go out to lunch with people from their job to gossip about other people at their job or to talk about work period
0,1597638781108359168,2022-11-29 17:09:02+00:00,grittywuzhere Hit me and send them back to they boy friends you know how it goes üòÇ
0,1597634286353403904,2022-11-29 16:51:11+00:00,In the last few days I opened an issue made a lot angry i.e prejudice against Dar Fur people It is a fact those people from northern Sudan some of them blindly hate I say hate people from Dar fur just for their skin tone Knowingly all Sudanese are/2
0,1597632615842197504,2022-11-29 16:44:32+00:00,I 'm a Democrat and I am ashamed of lack of concern and lack of action by the DNC at the Border WTF are you guys thinkingü§¶üèæ‚Äç‚ôÇÔ∏è STOP letting all these immigrants into the country GEEZ LOUISE
0,1597625589137309697,2022-11-29 16:16:37+00:00,ArkanSassyMomma Onto Arkansan ‚Äô s as well as the American people From Mandatory Vaccines to mask mandates all while leaving Walmart Home Depot Lowe ‚Äô s and the liquor stores open while shutting down churches and mom and pop restaurants and businesses
0,1597624269445689344,2022-11-29 16:11:22+00:00,KristinaJulia2 ScottPresler elonmusk RecoverRepub They do pay taxes https //t.co/jRQiWt7bSV
0,1597623511216193541,2022-11-29 16:08:22+00:00,eleftheria119 No He ‚Äô s trying to save his country and his people from a maniacal despot
0,1597623319570042881,2022-11-29 16:07:36+00:00,jgindel RobertKort1 The word immigrant makes absolutely no sense to me We now are officially all immigrants there is no true white Supremus people in this country it ‚Äô s a melting pot we come from every other country So When you negate immigrants you ‚Äô re doing that to you and your family too
0,1597623076925345793,2022-11-29 16:06:38+00:00,angelaretail I favor keeping the immigrants and shipping TFG out of our country
0,1597623034680340480,2022-11-29 16:06:28+00:00,People From Older Generations Are Sharing What They Love About Younger Generations And It 's Really Cool https //t.co/NwM0gn4rKi
0,1597621979263434753,2022-11-29 16:02:16+00:00,LGBTActionLink It ‚Äô s a reminder that the Affordable Care Act protects LGBTQ+ people from discrimination in health insurance and care Our community has the right to the care we need and the respect we deserve GetCovered BeOutBeHealthy
0,1597621678468927489,2022-11-29 16:01:05+00:00,"GivingTuesday is here and La Colmena is relying on your support Help us reach our 30,000 goal to provide Staten Island immigrants access to resources education job safety and leadership development https //t.co/O2WHFaqJRX"
0,1597619947664203777,2022-11-29 15:54:12+00:00,Qatar Wouldn ‚Äô t Have Bribed FIFA To Hold World Cup If It Knew People From Other Countries Would Turn Up https //t.co/GZ4NRG3nL2
0,1597617983152881665,2022-11-29 15:46:24+00:00,why do I keep matching with people from London on tinder
0,1597614819091574784,2022-11-29 15:33:49+00:00,It ‚Äô s GivingTuesday Will you give for freedom today Today people from all over the world are giving to causes near and dear to their hearts When you give to us you help us free innocent people from prison and better our criminal justice system Donate at the link below https //t.co/9sTZqfQvOq
0,1597611908529807361,2022-11-29 15:22:15+00:00,Cthulhudaemon buchanan17 MahyarTousi Yes it 's called emigrating Making them immigrants
0,1597608642525958146,2022-11-29 15:09:17+00:00,niner4life33 See some of my people from the Chuck FTTB
0,1597608616089079808,2022-11-29 15:09:10+00:00,What makes me sick is how they have by their behavior and their actions alienated people from the love of Jesus It 's really the most egregious blasphemous sin When you alienate people from God I hate to think about what your future holds https //t.co/gYPB2GfpGZ
0,1597608559759745024,2022-11-29 15:08:57+00:00,Ok It 's about time the Government does an Amnesty for illegal immigrants They could be paying taxes and working hard like they normally do The vast majority came here for the same reasons my grandparents did A better life for them and their descendants
0,1597606942268338176,2022-11-29 15:02:31+00:00,JohnColeman675 buchanan17 MahyarTousi Yes they are If a Brit lives UK and lives in another country its called immigration Thus ex pats ARE immigrants
0,1597597185851400193,2022-11-29 14:23:45+00:00,buchanan17 MahyarTousi Do n't you think it 's hypocrisy to call British immigrants ex pats rather than immigrants Because in the UK the word immigrants is used to debase foreign people coming into the UK Or is it the over inflated sense of self importance that British people suffer from
0,1597595837609447427,2022-11-29 14:18:24+00:00,Only reason Dolphins are relevant is cause they got a bunch of people from the 49ers Remember that phins fans ü§™
0,1597592916649820160,2022-11-29 14:06:47+00:00,I have two questions and only people from Houston can answer How and why are all of y ‚Äô all fine Male Female it don ‚Äô t matter How How is the city as a whole just fine
0,1597591001132331011,2022-11-29 13:59:11+00:00,tedcruz So where is the list of people from pedo Island let it be made public WE have the right to know how many government officials and Hollywood stars went
0,1597589669184933891,2022-11-29 13:53:53+00:00,Should illegal immigrants be deported https //t.co/uIQQ41CtDI
0,1597585947905822720,2022-11-29 13:39:06+00:00,Compassion 4 both LEGAL immigrants amp ILLEGAL aliens round up every illegal alien FinishTheWall then place illegals on end of the line of immigrants applying for citizenship Supreme Court to hear arguments in case challenging Mayorkas deportation memo https //t.co/PmsfEEz4hC
0,1597585260027334657,2022-11-29 13:36:22+00:00,john_sipher TheRickWilson Martin Niem√∂ller is turning in his grave since They let them come for literally everyone and stayed silent because they ‚Äô re not black or gay or immigrants or disabled or ‚Ä¶
0,1597584968112377857,2022-11-29 13:35:12+00:00,WalkerBragman TaylorLorenz You may actually be Taylor Lorenz ‚Äô s 2nd pronoun Do you understand that China is crushing a population of people Openly beating to death pets Preventing people from getting life saving medications All to prevent a virus that yesterday killed NOBODY in China An absolute idiot
0,1597570948034879489,2022-11-29 12:39:30+00:00,Fine arts communications degrees qualify as STEM for immigrants https //t.co/8y9v63KK3T
0,1597569316345741313,2022-11-29 12:33:01+00:00,dali_drama Northern kentucky wants to be us bc their state has the same politics and inbreds as y ‚Äô all üòπüòπüòπüòπ You live in a tourist trap not a real city no regional pride barely any actual people from orlando just white trash vacation all the time
0,1597565833546698757,2022-11-29 12:19:10+00:00,Today yes donate to your favorite charity but know that until we change the systems that keep people from reaching economic mobility inequality will continue to compound ‚Äî Start advocating donating and voting accordingly ‚Äî GivingTuesday
0,1597563936395575296,2022-11-29 12:11:38+00:00,And she shall bring forth a son and thou shalt call his name Jesus for he shall save his people from their sins Matthew 1:21
0,1597563442713722880,2022-11-29 12:09:40+00:00,FoxNews So the Attorney General would rather no one be prioritized so the riff raff can stay while those who are contributing to our economy go first 11 million illegal immigrants is far more than we can handle In most cases when that happens you do triage But not for Republicans
0,1597561899398631424,2022-11-29 12:03:32+00:00,SeeSawRrr patriottakes I guess she 's never had surgery or seen an operation Surgeons where masks to protect people from infection who ARE BEING OPERATED ON The mask are to protect the patient If you went into a surgery and the Drs Didnt have masks on would you let them do surgery on you Idiots
0,1597561330596093953,2022-11-29 12:01:17+00:00,One thing about people from Kansas City .. a random will ask to hit yo weed so fast ..
0,1597559841245261825,2022-11-29 11:55:22+00:00,nathaliejacoby1 Big fat ZERO She can ‚Äô t even speak clear English but the Republicans HATE immigrants ü§î I don ‚Äô t get it
0,1597551571553832960,2022-11-29 11:22:30+00:00,SteveJobsFeed was n't interested in applesauce There are people from every corner of the earth with an Apple üçé in their `` orchard '' Red Delicious Gala ... Granny Smiths Golden Delicious üòã
0,1597544431057481730,2022-11-29 10:54:07+00:00,hoopzdomination LAinNJ34 davenewworld_2 Yes however it 's entirely possible she could win based off the grounds they prevented other people from trying to save their own children The parents would n't have technically broken any laws by running in and trying to save their babies
0,1597535530727899136,2022-11-29 10:18:45+00:00,2/2 China is constructing mega camps to detain people wielding shut buildings accessible in amp out with residents stuck inside spraying its people from drones etc The massive demonstrations/rebellion from the people of China is growing
0,1597533689545908224,2022-11-29 10:11:26+00:00,Releasing toxic people from my orbit üëçüòã https //t.co/KgOzk7qg9y https //t.co/J9rUw6QPpd
0,1597532114169188352,2022-11-29 10:05:11+00:00,dcexaminer Give back the entitlements plus penalties and interest given to refugees and illegal immigrants robbed by employers tech giants car manufacturers and their drug dealing dealerships Ally Bank and the plethora of deceptive lenders Give back the inventory of homes stolen by banks https //t.co/xswjjlP25T
0,1597529029678338050,2022-11-29 09:52:55+00:00,hasanthehun immigrants of any kind legal or illegal If he had his way he would end immigration and kick out the immigrants living in the US He 's been brewing his cult for a few years i really do n't think they wo n't see him as a sellout especially as he 's riding on the coattails of a
0,1597526060245012480,2022-11-29 09:41:08+00:00,AnitaAnandMP Hello can you please tell Joey La Bossiere on TikTokCanada to stop being a disgusting pervert and please keep him away from all children in Chilliwack British Columbia I also think he needs another job Can you please send him back to the prison JustinTrudeau
0,1597521347030446082,2022-11-29 09:22:24+00:00,Some were made but by the time the factory was finished in 1938 World War II started The factory then built jeep-like cars for the German military instead After the war people from the United Kingdom and the United States reopened the factory and started making cars again
0,1597508170297278464,2022-11-29 08:30:02+00:00,Yes it is especially when he changes for the with you and y ‚Äô all grow together‚Ä¶I will sh my man was alive still because these niggas that at my neck is don ‚Äô t want them I will just use them for a nut and send them back to whoever or wherever https //t.co/a1wO6ME81w
0,1597505272179982338,2022-11-29 08:18:31+00:00,ValaAfshar WallStXyz Yes Legal Immigrants What cant you replacement migration cheerleaders understand about that
0,1597504378998784001,2022-11-29 08:14:58+00:00,LogicRoast matthewdmarsden ‚Äú Unneeded immigrants ‚Äù üòÇü§£ If they weren ‚Äô t needed they would never be there in the first place Immigrants go where the work is and it ‚Äô s usually where white people are too entitled to do the dirty work Get out there and weed fields for 16 hour days if you don ‚Äô t like them
0,1597497795375603715,2022-11-29 07:48:49+00:00,"You read all these horrible books and stories about these organized crime coyotes who charge these poor immigrants 10,000 to schlep across the desert to enter the US and I just want to go down there and explain how 500 plane tickets work for 500 per person"
0,1597493907931402240,2022-11-29 07:33:22+00:00,GregAbbott_TX Seems to me you might need some immigrants
0,1597493156597174272,2022-11-29 07:30:23+00:00,WARNOCK HAS PEOPLE FROM OUT OF STATE VOTEING OBAMA 'S INVENTION SURE THEY WILL DO THAT
0,1597487099548426240,2022-11-29 07:06:19+00:00,And it ‚Äô s like people from such different thought processes could never understand each other and I think sometimes that needs to be okay
0,1597486049814806529,2022-11-29 07:02:08+00:00,I so much enjoy talking to people from all over the world It 's great to talk to them https //t.co/mDMrJC3ov0
0,1597484357987753984,2022-11-29 06:55:25+00:00,The US media does great harm to the country When they call these immigrant losers 'nationalists it validates their actions How can these stupid immigrants be more nationalist than the people their ancestors found in this country If the media ignores them they 'll fade away
0,1597483821322375169,2022-11-29 06:53:17+00:00,"johnpilger ElleSteinhagen Are you on something You actually believe that China has ONLY LOST 5,233 People from Covid Even the CDC Dir says the Death toll is 17,000 higher than what they ‚Äô re telling the World so grow up act like an Adult Person üò°"
0,1597480797400838146,2022-11-29 06:41:16+00:00,NickAdamsinUSA Why do n't you go by your family name Ashamed to be from immigrants
0,1597478105266147330,2022-11-29 06:30:34+00:00,I think BTS or another big group should have a variety show the way Cher and sunny did back in the 70 ‚Äô s Like they can sing and they ‚Äô re funny and I ‚Äô m pretty sure they can get people from HYBE or other labels easily Everyone would tune in HYBEOFFICIALtwt HYBE_MERCH HIRE ME PLK
0,1597476426156236805,2022-11-29 06:23:54+00:00,Are you still busing immigrants north https //t.co/d3SqehFJGY
